2025-10-05 18:19:56,047 [Worker-3: Loading available Gradle versions] INFO  o.e.b.c.i.u.g.PublishedGradleVersions - Gradle version information cache is up-to-date. Trying to read.
2025-10-05 18:20:35,387 [Worker-9: Building] INFO  o.e.m.c.i.l.LifecycleMappingFactory - Using org.maven.ide.eclipse.wtp.WarLifecycleMapping lifecycle mapping for MavenProject: com.mx:barajas-club-springboot-demo:0.0.1-SNAPSHOT @ /Users/ricardomatacrisostomo/Documents/BarajasClub/BarajasClub/pom.xml.
2025-10-05 18:20:35,387 [Worker-2: Updating Maven Dependencies] INFO  o.e.m.c.i.l.LifecycleMappingFactory - Using org.maven.ide.eclipse.wtp.WarLifecycleMapping lifecycle mapping for MavenProject: com.mx:barajas-club-springboot-demo:0.0.1-SNAPSHOT @ /Users/ricardomatacrisostomo/Documents/BarajasClub/BarajasClub/pom.xml.
2025-10-05 18:20:41,757 [Worker-9: Building] INFO  o.e.m.c.i.embedder.EclipseLogger - Using 'UTF-8' encoding to copy filtered resources.
2025-10-05 18:20:41,757 [Worker-9: Building] INFO  o.e.m.c.i.embedder.EclipseLogger - Using 'UTF-8' encoding to copy filtered properties files.
2025-10-05 18:20:41,836 [Worker-9: Building] INFO  o.e.m.c.i.embedder.EclipseLogger - Copying 1 resource
2025-10-05 18:20:41,988 [Worker-9: Building] INFO  o.e.m.c.i.embedder.EclipseLogger - Copying 12 resources
2025-10-05 18:20:42,002 [Worker-9: Building] INFO  o.e.m.c.i.embedder.EclipseLogger - Using 'UTF-8' encoding to copy filtered resources.
2025-10-05 18:20:42,002 [Worker-9: Building] INFO  o.e.m.c.i.embedder.EclipseLogger - Using 'UTF-8' encoding to copy filtered properties files.
2025-10-05 18:20:42,002 [Worker-9: Building] INFO  o.e.m.c.i.embedder.EclipseLogger - skip non existing resourceDirectory /Users/ricardomatacrisostomo/Documents/BarajasClub/BarajasClub/src/test/resources
2025-10-05 18:20:44,547 [Worker-5: Updating Maven Dependencies] INFO  o.e.m.c.i.l.LifecycleMappingFactory - Using org.maven.ide.eclipse.wtp.WarLifecycleMapping lifecycle mapping for MavenProject: com.mx:barajas-club-springboot-demo:0.0.1-SNAPSHOT @ /Users/ricardomatacrisostomo/Documents/BarajasClub/BarajasClub/pom.xml.
2025-10-05 18:20:51,011 [Worker-9: Building] INFO  o.e.m.c.i.embedder.EclipseLogger - Using 'UTF-8' encoding to copy filtered resources.
2025-10-05 18:20:51,016 [Worker-9: Building] INFO  o.e.m.c.i.embedder.EclipseLogger - Using 'UTF-8' encoding to copy filtered properties files.
2025-10-05 18:20:51,022 [Worker-9: Building] INFO  o.e.m.c.i.embedder.EclipseLogger - Copying 0 resource
2025-10-05 18:20:51,022 [Worker-9: Building] INFO  o.e.m.c.i.embedder.EclipseLogger - Copying 0 resource
2025-10-05 18:20:51,033 [Worker-9: Building] INFO  o.e.m.c.i.embedder.EclipseLogger - Using 'UTF-8' encoding to copy filtered resources.
2025-10-05 18:20:51,033 [Worker-9: Building] INFO  o.e.m.c.i.embedder.EclipseLogger - Using 'UTF-8' encoding to copy filtered properties files.
2025-10-05 18:20:51,033 [Worker-9: Building] INFO  o.e.m.c.i.embedder.EclipseLogger - skip non existing resourceDirectory /Users/ricardomatacrisostomo/Documents/BarajasClub/BarajasClub/src/test/resources
2025-10-05 18:21:51,898 [Worker-4: Building] INFO  o.e.m.c.i.embedder.EclipseLogger - Using 'UTF-8' encoding to copy filtered resources.
2025-10-05 18:21:51,899 [Worker-4: Building] INFO  o.e.m.c.i.embedder.EclipseLogger - Using 'UTF-8' encoding to copy filtered properties files.
2025-10-05 18:21:51,903 [Worker-4: Building] INFO  o.e.m.c.i.embedder.EclipseLogger - Copying 1 resource
2025-10-05 18:21:51,931 [Worker-4: Building] INFO  o.e.m.c.i.embedder.EclipseLogger - Copying 12 resources
2025-10-05 18:21:51,997 [Worker-4: Building] INFO  o.e.m.c.i.embedder.EclipseLogger - Using 'UTF-8' encoding to copy filtered resources.
2025-10-05 18:21:51,997 [Worker-4: Building] INFO  o.e.m.c.i.embedder.EclipseLogger - Using 'UTF-8' encoding to copy filtered properties files.
2025-10-05 18:21:51,998 [Worker-4: Building] INFO  o.e.m.c.i.embedder.EclipseLogger - Copying 0 resource
2025-10-06 22:42:53,544 [Worker-9: Loading available Gradle versions] INFO  o.e.b.c.i.u.g.PublishedGradleVersions - Gradle version information cache is out-of-date. Trying to update.
2025-10-06 22:58:55,261 [Worker-19: Launching TioAndresApplication] INFO  o.e.m.c.i.embedder.EclipseLogger - Using 'UTF-8' encoding to copy filtered resources.
2025-10-06 22:58:55,263 [Worker-19: Launching TioAndresApplication] INFO  o.e.m.c.i.embedder.EclipseLogger - Using 'UTF-8' encoding to copy filtered properties files.
2025-10-06 22:58:55,271 [Worker-19: Launching TioAndresApplication] INFO  o.e.m.c.i.embedder.EclipseLogger - Copying 1 resource
2025-10-06 22:58:55,507 [Worker-19: Launching TioAndresApplication] INFO  o.e.m.c.i.embedder.EclipseLogger - Copying 12 resources
2025-10-06 22:58:55,520 [Worker-19: Launching TioAndresApplication] INFO  o.e.m.c.i.embedder.EclipseLogger - Using 'UTF-8' encoding to copy filtered resources.
2025-10-06 22:58:55,520 [Worker-19: Launching TioAndresApplication] INFO  o.e.m.c.i.embedder.EclipseLogger - Using 'UTF-8' encoding to copy filtered properties files.
2025-10-06 22:58:55,527 [Worker-19: Launching TioAndresApplication] INFO  o.e.m.c.i.embedder.EclipseLogger - Copying 0 resource
2025-10-07 00:20:24,751 [Worker-32: Launching TioAndresApplication] INFO  o.e.m.c.i.embedder.EclipseLogger - Using 'UTF-8' encoding to copy filtered resources.
2025-10-07 00:20:24,753 [Worker-32: Launching TioAndresApplication] INFO  o.e.m.c.i.embedder.EclipseLogger - Using 'UTF-8' encoding to copy filtered properties files.
2025-10-07 00:20:24,760 [Worker-32: Launching TioAndresApplication] INFO  o.e.m.c.i.embedder.EclipseLogger - Copying 1 resource
2025-10-07 00:20:24,962 [Worker-32: Launching TioAndresApplication] INFO  o.e.m.c.i.embedder.EclipseLogger - Copying 12 resources
2025-10-07 00:20:24,972 [Worker-32: Launching TioAndresApplication] INFO  o.e.m.c.i.embedder.EclipseLogger - Using 'UTF-8' encoding to copy filtered resources.
2025-10-07 00:20:24,973 [Worker-32: Launching TioAndresApplication] INFO  o.e.m.c.i.embedder.EclipseLogger - Using 'UTF-8' encoding to copy filtered properties files.
2025-10-07 00:20:24,973 [Worker-32: Launching TioAndresApplication] INFO  o.e.m.c.i.embedder.EclipseLogger - Copying 0 resource
2025-10-07 00:29:21,187 [Worker-31: Launching TioAndresApplication] INFO  o.e.m.c.i.embedder.EclipseLogger - Using 'UTF-8' encoding to copy filtered resources.
2025-10-07 00:29:21,188 [Worker-31: Launching TioAndresApplication] INFO  o.e.m.c.i.embedder.EclipseLogger - Using 'UTF-8' encoding to copy filtered properties files.
2025-10-07 00:29:21,191 [Worker-31: Launching TioAndresApplication] INFO  o.e.m.c.i.embedder.EclipseLogger - Copying 1 resource
2025-10-07 00:29:21,251 [Worker-31: Launching TioAndresApplication] INFO  o.e.m.c.i.embedder.EclipseLogger - Copying 12 resources
2025-10-07 00:29:21,267 [Worker-31: Launching TioAndresApplication] INFO  o.e.m.c.i.embedder.EclipseLogger - Using 'UTF-8' encoding to copy filtered resources.
2025-10-07 00:29:21,267 [Worker-31: Launching TioAndresApplication] INFO  o.e.m.c.i.embedder.EclipseLogger - Using 'UTF-8' encoding to copy filtered properties files.
2025-10-07 00:29:21,268 [Worker-31: Launching TioAndresApplication] INFO  o.e.m.c.i.embedder.EclipseLogger - Copying 0 resource
2025-10-07 00:32:17,156 [Worker-40: Launching TioAndresApplication] INFO  o.e.m.c.i.embedder.EclipseLogger - Using 'UTF-8' encoding to copy filtered resources.
2025-10-07 00:32:17,157 [Worker-40: Launching TioAndresApplication] INFO  o.e.m.c.i.embedder.EclipseLogger - Using 'UTF-8' encoding to copy filtered properties files.
2025-10-07 00:32:17,159 [Worker-40: Launching TioAndresApplication] INFO  o.e.m.c.i.embedder.EclipseLogger - Copying 1 resource
2025-10-07 00:32:17,198 [Worker-40: Launching TioAndresApplication] INFO  o.e.m.c.i.embedder.EclipseLogger - Copying 12 resources
2025-10-07 00:32:17,207 [Worker-40: Launching TioAndresApplication] INFO  o.e.m.c.i.embedder.EclipseLogger - Using 'UTF-8' encoding to copy filtered resources.
2025-10-07 00:32:17,207 [Worker-40: Launching TioAndresApplication] INFO  o.e.m.c.i.embedder.EclipseLogger - Using 'UTF-8' encoding to copy filtered properties files.
2025-10-07 00:32:17,208 [Worker-40: Launching TioAndresApplication] INFO  o.e.m.c.i.embedder.EclipseLogger - Copying 0 resource
2025-10-07 00:36:52,595 [Worker-43: Building Workspace] INFO  o.e.m.c.i.embedder.EclipseLogger - Using 'UTF-8' encoding to copy filtered resources.
2025-10-07 00:36:52,596 [Worker-43: Building Workspace] INFO  o.e.m.c.i.embedder.EclipseLogger - Using 'UTF-8' encoding to copy filtered properties files.
2025-10-07 00:36:52,599 [Worker-43: Building Workspace] INFO  o.e.m.c.i.embedder.EclipseLogger - Copying 1 resource
2025-10-07 00:36:52,706 [Worker-43: Building Workspace] INFO  o.e.m.c.i.embedder.EclipseLogger - Copying 12 resources
2025-10-07 00:36:52,729 [Worker-43: Building Workspace] INFO  o.e.m.c.i.embedder.EclipseLogger - Using 'UTF-8' encoding to copy filtered resources.
2025-10-07 00:36:52,730 [Worker-43: Building Workspace] INFO  o.e.m.c.i.embedder.EclipseLogger - Using 'UTF-8' encoding to copy filtered properties files.
2025-10-07 00:36:52,736 [Worker-43: Building Workspace] INFO  o.e.m.c.i.embedder.EclipseLogger - Copying 0 resource
2025-10-07 00:43:02,835 [Worker-48: Launching TioAndresApplication] INFO  o.e.m.c.i.embedder.EclipseLogger - Using 'UTF-8' encoding to copy filtered resources.
2025-10-07 00:43:02,836 [Worker-48: Launching TioAndresApplication] INFO  o.e.m.c.i.embedder.EclipseLogger - Using 'UTF-8' encoding to copy filtered properties files.
2025-10-07 00:43:02,839 [Worker-48: Launching TioAndresApplication] INFO  o.e.m.c.i.embedder.EclipseLogger - Copying 1 resource
2025-10-07 00:43:03,056 [Worker-48: Launching TioAndresApplication] INFO  o.e.m.c.i.embedder.EclipseLogger - Copying 12 resources
2025-10-07 00:43:03,092 [Worker-48: Launching TioAndresApplication] INFO  o.e.m.c.i.embedder.EclipseLogger - Using 'UTF-8' encoding to copy filtered resources.
2025-10-07 00:43:03,092 [Worker-48: Launching TioAndresApplication] INFO  o.e.m.c.i.embedder.EclipseLogger - Using 'UTF-8' encoding to copy filtered properties files.
2025-10-07 00:43:03,092 [Worker-48: Launching TioAndresApplication] INFO  o.e.m.c.i.embedder.EclipseLogger - Copying 0 resource
2025-10-07 00:44:09,598 [Worker-56: Launching TioAndresApplication] INFO  o.e.m.c.i.embedder.EclipseLogger - Using 'UTF-8' encoding to copy filtered resources.
2025-10-07 00:44:09,598 [Worker-56: Launching TioAndresApplication] INFO  o.e.m.c.i.embedder.EclipseLogger - Using 'UTF-8' encoding to copy filtered properties files.
2025-10-07 00:44:09,600 [Worker-56: Launching TioAndresApplication] INFO  o.e.m.c.i.embedder.EclipseLogger - Copying 1 resource
2025-10-07 00:44:09,608 [Worker-56: Launching TioAndresApplication] INFO  o.e.m.c.i.embedder.EclipseLogger - Copying 12 resources
2025-10-07 00:44:09,613 [Worker-56: Launching TioAndresApplication] INFO  o.e.m.c.i.embedder.EclipseLogger - Using 'UTF-8' encoding to copy filtered resources.
2025-10-07 00:44:09,614 [Worker-56: Launching TioAndresApplication] INFO  o.e.m.c.i.embedder.EclipseLogger - Using 'UTF-8' encoding to copy filtered properties files.
2025-10-07 00:44:09,614 [Worker-56: Launching TioAndresApplication] INFO  o.e.m.c.i.embedder.EclipseLogger - Copying 0 resource
2025-10-07 00:46:20,311 [Worker-40: Launching TioAndresApplication] INFO  o.e.m.c.i.embedder.EclipseLogger - Using 'UTF-8' encoding to copy filtered resources.
2025-10-07 00:46:20,313 [Worker-40: Launching TioAndresApplication] INFO  o.e.m.c.i.embedder.EclipseLogger - Using 'UTF-8' encoding to copy filtered properties files.
2025-10-07 00:46:20,315 [Worker-40: Launching TioAndresApplication] INFO  o.e.m.c.i.embedder.EclipseLogger - Copying 1 resource
2025-10-07 00:46:20,363 [Worker-40: Launching TioAndresApplication] INFO  o.e.m.c.i.embedder.EclipseLogger - Copying 12 resources
2025-10-07 00:46:20,369 [Worker-40: Launching TioAndresApplication] INFO  o.e.m.c.i.embedder.EclipseLogger - Using 'UTF-8' encoding to copy filtered resources.
2025-10-07 00:46:20,369 [Worker-40: Launching TioAndresApplication] INFO  o.e.m.c.i.embedder.EclipseLogger - Using 'UTF-8' encoding to copy filtered properties files.
2025-10-07 00:46:20,369 [Worker-40: Launching TioAndresApplication] INFO  o.e.m.c.i.embedder.EclipseLogger - Copying 0 resource
2025-10-07 00:48:41,849 [Worker-53: Launching TioAndresApplication] INFO  o.e.m.c.i.embedder.EclipseLogger - Using 'UTF-8' encoding to copy filtered resources.
2025-10-07 00:48:41,849 [Worker-53: Launching TioAndresApplication] INFO  o.e.m.c.i.embedder.EclipseLogger - Using 'UTF-8' encoding to copy filtered properties files.
2025-10-07 00:48:41,853 [Worker-53: Launching TioAndresApplication] INFO  o.e.m.c.i.embedder.EclipseLogger - Copying 1 resource
2025-10-07 00:48:41,869 [Worker-53: Launching TioAndresApplication] INFO  o.e.m.c.i.embedder.EclipseLogger - Copying 12 resources
2025-10-07 00:48:41,879 [Worker-53: Launching TioAndresApplication] INFO  o.e.m.c.i.embedder.EclipseLogger - Using 'UTF-8' encoding to copy filtered resources.
2025-10-07 00:48:41,879 [Worker-53: Launching TioAndresApplication] INFO  o.e.m.c.i.embedder.EclipseLogger - Using 'UTF-8' encoding to copy filtered properties files.
2025-10-07 00:48:41,880 [Worker-53: Launching TioAndresApplication] INFO  o.e.m.c.i.embedder.EclipseLogger - Copying 0 resource
2025-10-07 00:54:17,614 [Worker-58: Launching TioAndresApplication] INFO  o.e.m.c.i.embedder.EclipseLogger - Using 'UTF-8' encoding to copy filtered resources.
2025-10-07 00:54:17,617 [Worker-58: Launching TioAndresApplication] INFO  o.e.m.c.i.embedder.EclipseLogger - Using 'UTF-8' encoding to copy filtered properties files.
2025-10-07 00:54:17,619 [Worker-58: Launching TioAndresApplication] INFO  o.e.m.c.i.embedder.EclipseLogger - Copying 1 resource
2025-10-07 00:54:17,679 [Worker-58: Launching TioAndresApplication] INFO  o.e.m.c.i.embedder.EclipseLogger - Copying 12 resources
2025-10-07 00:54:17,692 [Worker-58: Launching TioAndresApplication] INFO  o.e.m.c.i.embedder.EclipseLogger - Using 'UTF-8' encoding to copy filtered resources.
2025-10-07 00:54:17,692 [Worker-58: Launching TioAndresApplication] INFO  o.e.m.c.i.embedder.EclipseLogger - Using 'UTF-8' encoding to copy filtered properties files.
2025-10-07 00:54:17,693 [Worker-58: Launching TioAndresApplication] INFO  o.e.m.c.i.embedder.EclipseLogger - Copying 0 resource
2025-10-07 00:57:15,663 [Worker-60: Building Workspace] INFO  o.e.m.c.i.embedder.EclipseLogger - Using 'UTF-8' encoding to copy filtered resources.
2025-10-07 00:57:15,663 [Worker-60: Building Workspace] INFO  o.e.m.c.i.embedder.EclipseLogger - Using 'UTF-8' encoding to copy filtered properties files.
2025-10-07 00:57:15,668 [Worker-60: Building Workspace] INFO  o.e.m.c.i.embedder.EclipseLogger - Copying 1 resource
2025-10-07 00:57:15,675 [Worker-60: Building Workspace] INFO  o.e.m.c.i.embedder.EclipseLogger - Copying 12 resources
2025-10-07 00:57:15,681 [Worker-60: Building Workspace] INFO  o.e.m.c.i.embedder.EclipseLogger - Using 'UTF-8' encoding to copy filtered resources.
2025-10-07 00:57:15,682 [Worker-60: Building Workspace] INFO  o.e.m.c.i.embedder.EclipseLogger - Using 'UTF-8' encoding to copy filtered properties files.
2025-10-07 00:57:15,682 [Worker-60: Building Workspace] INFO  o.e.m.c.i.embedder.EclipseLogger - Copying 0 resource
2025-10-07 00:57:24,550 [Worker-59: Launching TioAndresApplication] INFO  o.e.m.c.i.embedder.EclipseLogger - Using 'UTF-8' encoding to copy filtered resources.
2025-10-07 00:57:24,550 [Worker-59: Launching TioAndresApplication] INFO  o.e.m.c.i.embedder.EclipseLogger - Using 'UTF-8' encoding to copy filtered properties files.
2025-10-07 00:57:24,554 [Worker-59: Launching TioAndresApplication] INFO  o.e.m.c.i.embedder.EclipseLogger - Copying 1 resource
2025-10-07 00:57:24,566 [Worker-59: Launching TioAndresApplication] INFO  o.e.m.c.i.embedder.EclipseLogger - Copying 12 resources
2025-10-07 00:57:24,579 [Worker-59: Launching TioAndresApplication] INFO  o.e.m.c.i.embedder.EclipseLogger - Using 'UTF-8' encoding to copy filtered resources.
2025-10-07 00:57:24,579 [Worker-59: Launching TioAndresApplication] INFO  o.e.m.c.i.embedder.EclipseLogger - Using 'UTF-8' encoding to copy filtered properties files.
2025-10-07 00:57:24,579 [Worker-59: Launching TioAndresApplication] INFO  o.e.m.c.i.embedder.EclipseLogger - Copying 0 resource
2025-10-07 01:05:59,302 [Worker-60: Launching TioAndresApplication] INFO  o.e.m.c.i.embedder.EclipseLogger - Using 'UTF-8' encoding to copy filtered resources.
2025-10-07 01:05:59,303 [Worker-60: Launching TioAndresApplication] INFO  o.e.m.c.i.embedder.EclipseLogger - Using 'UTF-8' encoding to copy filtered properties files.
2025-10-07 01:05:59,311 [Worker-60: Launching TioAndresApplication] INFO  o.e.m.c.i.embedder.EclipseLogger - Copying 1 resource
2025-10-07 01:05:59,355 [Worker-60: Launching TioAndresApplication] INFO  o.e.m.c.i.embedder.EclipseLogger - Copying 12 resources
2025-10-07 01:05:59,370 [Worker-60: Launching TioAndresApplication] INFO  o.e.m.c.i.embedder.EclipseLogger - Using 'UTF-8' encoding to copy filtered resources.
2025-10-07 01:05:59,370 [Worker-60: Launching TioAndresApplication] INFO  o.e.m.c.i.embedder.EclipseLogger - Using 'UTF-8' encoding to copy filtered properties files.
2025-10-07 01:05:59,371 [Worker-60: Launching TioAndresApplication] INFO  o.e.m.c.i.embedder.EclipseLogger - Copying 0 resource
2025-10-07 01:08:28,536 [Worker-49: Launching TioAndresApplication] INFO  o.e.m.c.i.embedder.EclipseLogger - Using 'UTF-8' encoding to copy filtered resources.
2025-10-07 01:08:28,538 [Worker-49: Launching TioAndresApplication] INFO  o.e.m.c.i.embedder.EclipseLogger - Using 'UTF-8' encoding to copy filtered properties files.
2025-10-07 01:08:28,540 [Worker-49: Launching TioAndresApplication] INFO  o.e.m.c.i.embedder.EclipseLogger - Copying 1 resource
2025-10-07 01:08:28,557 [Worker-49: Launching TioAndresApplication] INFO  o.e.m.c.i.embedder.EclipseLogger - Copying 12 resources
2025-10-07 01:08:28,570 [Worker-49: Launching TioAndresApplication] INFO  o.e.m.c.i.embedder.EclipseLogger - Using 'UTF-8' encoding to copy filtered resources.
2025-10-07 01:08:28,570 [Worker-49: Launching TioAndresApplication] INFO  o.e.m.c.i.embedder.EclipseLogger - Using 'UTF-8' encoding to copy filtered properties files.
2025-10-07 01:08:28,570 [Worker-49: Launching TioAndresApplication] INFO  o.e.m.c.i.embedder.EclipseLogger - Copying 0 resource
2025-10-07 01:11:32,220 [Worker-67: Launching TioAndresApplication] INFO  o.e.m.c.i.embedder.EclipseLogger - Using 'UTF-8' encoding to copy filtered resources.
2025-10-07 01:11:32,221 [Worker-67: Launching TioAndresApplication] INFO  o.e.m.c.i.embedder.EclipseLogger - Using 'UTF-8' encoding to copy filtered properties files.
2025-10-07 01:11:32,223 [Worker-67: Launching TioAndresApplication] INFO  o.e.m.c.i.embedder.EclipseLogger - Copying 1 resource
2025-10-07 01:11:32,229 [Worker-67: Launching TioAndresApplication] INFO  o.e.m.c.i.embedder.EclipseLogger - Copying 12 resources
2025-10-07 01:11:32,241 [Worker-67: Launching TioAndresApplication] INFO  o.e.m.c.i.embedder.EclipseLogger - Using 'UTF-8' encoding to copy filtered resources.
2025-10-07 01:11:32,241 [Worker-67: Launching TioAndresApplication] INFO  o.e.m.c.i.embedder.EclipseLogger - Using 'UTF-8' encoding to copy filtered properties files.
2025-10-07 01:11:32,241 [Worker-67: Launching TioAndresApplication] INFO  o.e.m.c.i.embedder.EclipseLogger - Copying 0 resource
2025-10-07 21:15:31,059 [Worker-88: Launching TioAndresApplication] INFO  o.e.m.c.i.embedder.EclipseLogger - Using 'UTF-8' encoding to copy filtered resources.
2025-10-07 21:15:31,061 [Worker-88: Launching TioAndresApplication] INFO  o.e.m.c.i.embedder.EclipseLogger - Using 'UTF-8' encoding to copy filtered properties files.
2025-10-07 21:15:31,064 [Worker-88: Launching TioAndresApplication] INFO  o.e.m.c.i.embedder.EclipseLogger - Copying 1 resource
2025-10-07 21:15:31,076 [Worker-88: Launching TioAndresApplication] INFO  o.e.m.c.i.embedder.EclipseLogger - Copying 13 resources
2025-10-07 21:15:31,290 [Worker-88: Launching TioAndresApplication] INFO  o.e.m.c.i.embedder.EclipseLogger - Using 'UTF-8' encoding to copy filtered resources.
2025-10-07 21:15:31,290 [Worker-88: Launching TioAndresApplication] INFO  o.e.m.c.i.embedder.EclipseLogger - Using 'UTF-8' encoding to copy filtered properties files.
2025-10-07 21:15:31,290 [Worker-88: Launching TioAndresApplication] INFO  o.e.m.c.i.embedder.EclipseLogger - skip non existing resourceDirectory /Users/ricardomatacrisostomo/Documents/BarajasClub/BarajasClub/src/test/resources
2025-10-07 21:18:11,600 [Worker-85: Launching Executing clean in _Users_ricardomatacrisostomo_Documents_BarajasClub_BarajasClub] INFO  o.e.m.i.launch.MavenLaunchDelegate - /Users/ricardomatacrisostomo/Documents/BarajasClub/BarajasClub
2025-10-07 21:18:11,603 [Worker-85: Launching Executing clean in _Users_ricardomatacrisostomo_Documents_BarajasClub_BarajasClub] INFO  o.e.m.i.launch.MavenLaunchDelegate -  mvn -B clean
2025-10-07 21:19:15,537 [Worker-49: Launching Executing install in _Users_ricardomatacrisostomo_Documents_BarajasClub_BarajasClub] INFO  o.e.m.i.launch.MavenLaunchDelegate - /Users/ricardomatacrisostomo/Documents/BarajasClub/BarajasClub
2025-10-07 21:19:15,538 [Worker-49: Launching Executing install in _Users_ricardomatacrisostomo_Documents_BarajasClub_BarajasClub] INFO  o.e.m.i.launch.MavenLaunchDelegate -  mvn -B install
2025-10-07 21:20:26,132 [Worker-87: Launching Executing install in _Users_ricardomatacrisostomo_Documents_BarajasClub_BarajasClub] INFO  o.e.m.i.launch.MavenLaunchDelegate - /Users/ricardomatacrisostomo/Documents/BarajasClub/BarajasClub
2025-10-07 21:20:26,133 [Worker-87: Launching Executing install in _Users_ricardomatacrisostomo_Documents_BarajasClub_BarajasClub] INFO  o.e.m.i.launch.MavenLaunchDelegate -  mvn -B install
2025-10-07 21:53:29,725 [Worker-92: Launching TioAndresApplication] INFO  o.e.m.c.i.embedder.EclipseLogger - Using 'UTF-8' encoding to copy filtered resources.
2025-10-07 21:53:29,725 [Worker-92: Launching TioAndresApplication] INFO  o.e.m.c.i.embedder.EclipseLogger - Using 'UTF-8' encoding to copy filtered properties files.
2025-10-07 21:53:29,727 [Worker-92: Launching TioAndresApplication] INFO  o.e.m.c.i.embedder.EclipseLogger - Copying 1 resource
2025-10-07 21:53:29,825 [Worker-92: Launching TioAndresApplication] INFO  o.e.m.c.i.embedder.EclipseLogger - Copying 13 resources
2025-10-07 21:53:29,835 [Worker-92: Launching TioAndresApplication] INFO  o.e.m.c.i.embedder.EclipseLogger - Using 'UTF-8' encoding to copy filtered resources.
2025-10-07 21:53:29,836 [Worker-92: Launching TioAndresApplication] INFO  o.e.m.c.i.embedder.EclipseLogger - Using 'UTF-8' encoding to copy filtered properties files.
2025-10-07 21:53:29,836 [Worker-92: Launching TioAndresApplication] INFO  o.e.m.c.i.embedder.EclipseLogger - skip non existing resourceDirectory /Users/ricardomatacrisostomo/Documents/BarajasClub/BarajasClub/src/test/resources
2025-10-07 21:53:29,836 [Worker-92: Launching TioAndresApplication] INFO  o.e.m.w.i.f.ResourceFilteringBuildParticipant - Changed resources require a complete clean of filtered resources of BarajasClub
2025-10-07 21:53:29,841 [Worker-92: Launching TioAndresApplication] INFO  o.e.m.w.i.f.ResourceFilteringBuildParticipant - Executing resource filtering for BarajasClub
2025-10-07 21:53:29,919 [Worker-92: Launching TioAndresApplication] INFO  o.e.m.c.i.embedder.EclipseLogger - Using 'UTF-8' encoding to copy filtered resources.
2025-10-07 21:53:29,921 [Worker-92: Launching TioAndresApplication] INFO  o.e.m.c.i.embedder.EclipseLogger - Using 'UTF-8' encoding to copy filtered properties files.
2025-10-07 21:55:48,904 [main] INFO  o.e.m2e.actions.ExecutePomAction - Creating new launch configuration
2025-10-07 21:55:57,002 [Worker-100: Launching BarajasClub] INFO  o.e.m.i.launch.MavenLaunchDelegate - /Users/ricardomatacrisostomo/Documents/BarajasClub/BarajasClub
2025-10-07 21:55:57,011 [Worker-100: Launching BarajasClub] INFO  o.e.m.i.launch.MavenLaunchDelegate -  mvn -B clean install
2025-10-07 22:22:25,062 [Worker-92: Launching TioAndresApplication] INFO  o.e.m.c.i.embedder.EclipseLogger - Using 'UTF-8' encoding to copy filtered resources.
2025-10-07 22:22:25,063 [Worker-92: Launching TioAndresApplication] INFO  o.e.m.c.i.embedder.EclipseLogger - Using 'UTF-8' encoding to copy filtered properties files.
2025-10-07 22:22:25,063 [Worker-92: Launching TioAndresApplication] INFO  o.e.m.c.i.embedder.EclipseLogger - Copying 0 resource
2025-10-07 22:22:25,064 [Worker-92: Launching TioAndresApplication] INFO  o.e.m.c.i.embedder.EclipseLogger - Copying 1 resource
2025-10-07 22:22:25,074 [Worker-92: Launching TioAndresApplication] INFO  o.e.m.c.i.embedder.EclipseLogger - Using 'UTF-8' encoding to copy filtered resources.
2025-10-07 22:22:25,074 [Worker-92: Launching TioAndresApplication] INFO  o.e.m.c.i.embedder.EclipseLogger - Using 'UTF-8' encoding to copy filtered properties files.
2025-10-07 22:22:25,074 [Worker-92: Launching TioAndresApplication] INFO  o.e.m.c.i.embedder.EclipseLogger - skip non existing resourceDirectory /Users/ricardomatacrisostomo/Documents/BarajasClub/BarajasClub/src/test/resources
2025-10-07 22:30:11,406 [Worker-113: Launching TioAndresApplication] INFO  o.e.m.c.i.embedder.EclipseLogger - Using 'UTF-8' encoding to copy filtered resources.
2025-10-07 22:30:11,407 [Worker-113: Launching TioAndresApplication] INFO  o.e.m.c.i.embedder.EclipseLogger - Using 'UTF-8' encoding to copy filtered properties files.
2025-10-07 22:30:11,416 [Worker-113: Launching TioAndresApplication] INFO  o.e.m.c.i.embedder.EclipseLogger - Copying 1 resource
2025-10-07 22:30:11,507 [Worker-113: Launching TioAndresApplication] INFO  o.e.m.c.i.embedder.EclipseLogger - Copying 13 resources
2025-10-07 22:30:11,511 [Worker-113: Launching TioAndresApplication] INFO  o.e.m.c.i.embedder.EclipseLogger - Using 'UTF-8' encoding to copy filtered resources.
2025-10-07 22:30:11,512 [Worker-113: Launching TioAndresApplication] INFO  o.e.m.c.i.embedder.EclipseLogger - Using 'UTF-8' encoding to copy filtered properties files.
2025-10-07 22:30:11,512 [Worker-113: Launching TioAndresApplication] INFO  o.e.m.c.i.embedder.EclipseLogger - skip non existing resourceDirectory /Users/ricardomatacrisostomo/Documents/BarajasClub/BarajasClub/src/test/resources
2025-10-07 22:32:37,106 [Worker-106: Launching TioAndresApplication] INFO  o.e.m.c.i.embedder.EclipseLogger - Using 'UTF-8' encoding to copy filtered resources.
2025-10-07 22:32:37,108 [Worker-106: Launching TioAndresApplication] INFO  o.e.m.c.i.embedder.EclipseLogger - Using 'UTF-8' encoding to copy filtered properties files.
2025-10-07 22:32:37,111 [Worker-106: Launching TioAndresApplication] INFO  o.e.m.c.i.embedder.EclipseLogger - Copying 1 resource
2025-10-07 22:32:37,147 [Worker-106: Launching TioAndresApplication] INFO  o.e.m.c.i.embedder.EclipseLogger - Copying 13 resources
2025-10-07 22:32:37,150 [Worker-106: Launching TioAndresApplication] INFO  o.e.m.c.i.embedder.EclipseLogger - Using 'UTF-8' encoding to copy filtered resources.
2025-10-07 22:32:37,151 [Worker-106: Launching TioAndresApplication] INFO  o.e.m.c.i.embedder.EclipseLogger - Using 'UTF-8' encoding to copy filtered properties files.
2025-10-07 22:32:37,151 [Worker-106: Launching TioAndresApplication] INFO  o.e.m.c.i.embedder.EclipseLogger - skip non existing resourceDirectory /Users/ricardomatacrisostomo/Documents/BarajasClub/BarajasClub/src/test/resources
2025-10-07 22:55:40,383 [Worker-111: Launching BarajasClub] INFO  o.e.m.i.launch.MavenLaunchDelegate - /Users/ricardomatacrisostomo/Documents/BarajasClub/BarajasClub
2025-10-07 22:55:40,385 [Worker-111: Launching BarajasClub] INFO  o.e.m.i.launch.MavenLaunchDelegate -  mvn -B clean install
2025-10-07 23:01:38,152 [Worker-107: Launching TioAndresApplication] INFO  o.e.m.c.i.embedder.EclipseLogger - Using 'UTF-8' encoding to copy filtered resources.
2025-10-07 23:01:38,153 [Worker-107: Launching TioAndresApplication] INFO  o.e.m.c.i.embedder.EclipseLogger - Using 'UTF-8' encoding to copy filtered properties files.
2025-10-07 23:01:38,154 [Worker-107: Launching TioAndresApplication] INFO  o.e.m.c.i.embedder.EclipseLogger - Copying 0 resource
2025-10-07 23:01:38,154 [Worker-107: Launching TioAndresApplication] INFO  o.e.m.c.i.embedder.EclipseLogger - Copying 1 resource
2025-10-07 23:01:38,161 [Worker-107: Launching TioAndresApplication] INFO  o.e.m.c.i.embedder.EclipseLogger - Using 'UTF-8' encoding to copy filtered resources.
2025-10-07 23:01:38,161 [Worker-107: Launching TioAndresApplication] INFO  o.e.m.c.i.embedder.EclipseLogger - Using 'UTF-8' encoding to copy filtered properties files.
2025-10-07 23:01:38,161 [Worker-107: Launching TioAndresApplication] INFO  o.e.m.c.i.embedder.EclipseLogger - skip non existing resourceDirectory /Users/ricardomatacrisostomo/Documents/BarajasClub/BarajasClub/src/test/resources
2025-10-07 23:41:42,465 [Worker-119: Launching TioAndresApplication] INFO  o.e.m.c.i.embedder.EclipseLogger - Using 'UTF-8' encoding to copy filtered resources.
2025-10-07 23:41:42,466 [Worker-119: Launching TioAndresApplication] INFO  o.e.m.c.i.embedder.EclipseLogger - Using 'UTF-8' encoding to copy filtered properties files.
2025-10-07 23:41:42,466 [Worker-119: Launching TioAndresApplication] INFO  o.e.m.c.i.embedder.EclipseLogger - Copying 0 resource
2025-10-07 23:41:42,467 [Worker-119: Launching TioAndresApplication] INFO  o.e.m.c.i.embedder.EclipseLogger - Copying 1 resource
2025-10-07 23:41:42,472 [Worker-119: Launching TioAndresApplication] INFO  o.e.m.c.i.embedder.EclipseLogger - Using 'UTF-8' encoding to copy filtered resources.
2025-10-07 23:41:42,472 [Worker-119: Launching TioAndresApplication] INFO  o.e.m.c.i.embedder.EclipseLogger - Using 'UTF-8' encoding to copy filtered properties files.
2025-10-07 23:41:42,476 [Worker-119: Launching TioAndresApplication] INFO  o.e.m.c.i.embedder.EclipseLogger - skip non existing resourceDirectory /Users/ricardomatacrisostomo/Documents/BarajasClub/BarajasClub/src/test/resources
2025-10-07 23:44:11,476 [Worker-119: Launching TioAndresApplication] INFO  o.e.m.c.i.embedder.EclipseLogger - Using 'UTF-8' encoding to copy filtered resources.
2025-10-07 23:44:11,479 [Worker-119: Launching TioAndresApplication] INFO  o.e.m.c.i.embedder.EclipseLogger - Using 'UTF-8' encoding to copy filtered properties files.
2025-10-07 23:44:11,479 [Worker-119: Launching TioAndresApplication] INFO  o.e.m.c.i.embedder.EclipseLogger - Copying 0 resource
2025-10-07 23:44:11,480 [Worker-119: Launching TioAndresApplication] INFO  o.e.m.c.i.embedder.EclipseLogger - Copying 1 resource
2025-10-07 23:44:11,484 [Worker-119: Launching TioAndresApplication] INFO  o.e.m.c.i.embedder.EclipseLogger - Using 'UTF-8' encoding to copy filtered resources.
2025-10-07 23:44:11,484 [Worker-119: Launching TioAndresApplication] INFO  o.e.m.c.i.embedder.EclipseLogger - Using 'UTF-8' encoding to copy filtered properties files.
2025-10-07 23:44:11,485 [Worker-119: Launching TioAndresApplication] INFO  o.e.m.c.i.embedder.EclipseLogger - skip non existing resourceDirectory /Users/ricardomatacrisostomo/Documents/BarajasClub/BarajasClub/src/test/resources
2025-10-07 23:46:10,222 [Worker-134: Launching TioAndresApplication] INFO  o.e.m.c.i.embedder.EclipseLogger - Using 'UTF-8' encoding to copy filtered resources.
2025-10-07 23:46:10,226 [Worker-134: Launching TioAndresApplication] INFO  o.e.m.c.i.embedder.EclipseLogger - Using 'UTF-8' encoding to copy filtered properties files.
2025-10-07 23:46:10,227 [Worker-134: Launching TioAndresApplication] INFO  o.e.m.c.i.embedder.EclipseLogger - Copying 0 resource
2025-10-07 23:46:10,227 [Worker-134: Launching TioAndresApplication] INFO  o.e.m.c.i.embedder.EclipseLogger - Copying 1 resource
2025-10-07 23:46:10,231 [Worker-134: Launching TioAndresApplication] INFO  o.e.m.c.i.embedder.EclipseLogger - Using 'UTF-8' encoding to copy filtered resources.
2025-10-07 23:46:10,231 [Worker-134: Launching TioAndresApplication] INFO  o.e.m.c.i.embedder.EclipseLogger - Using 'UTF-8' encoding to copy filtered properties files.
2025-10-07 23:46:10,232 [Worker-134: Launching TioAndresApplication] INFO  o.e.m.c.i.embedder.EclipseLogger - skip non existing resourceDirectory /Users/ricardomatacrisostomo/Documents/BarajasClub/BarajasClub/src/test/resources
2025-10-07 23:47:42,684 [Worker-128: Launching TioAndresApplication] INFO  o.e.m.c.i.embedder.EclipseLogger - Using 'UTF-8' encoding to copy filtered resources.
2025-10-07 23:47:42,685 [Worker-128: Launching TioAndresApplication] INFO  o.e.m.c.i.embedder.EclipseLogger - Using 'UTF-8' encoding to copy filtered properties files.
2025-10-07 23:47:42,686 [Worker-128: Launching TioAndresApplication] INFO  o.e.m.c.i.embedder.EclipseLogger - Copying 0 resource
2025-10-07 23:47:42,689 [Worker-128: Launching TioAndresApplication] INFO  o.e.m.c.i.embedder.EclipseLogger - Copying 1 resource
2025-10-07 23:47:42,693 [Worker-128: Launching TioAndresApplication] INFO  o.e.m.c.i.embedder.EclipseLogger - Using 'UTF-8' encoding to copy filtered resources.
2025-10-07 23:47:42,693 [Worker-128: Launching TioAndresApplication] INFO  o.e.m.c.i.embedder.EclipseLogger - Using 'UTF-8' encoding to copy filtered properties files.
2025-10-07 23:47:42,693 [Worker-128: Launching TioAndresApplication] INFO  o.e.m.c.i.embedder.EclipseLogger - skip non existing resourceDirectory /Users/ricardomatacrisostomo/Documents/BarajasClub/BarajasClub/src/test/resources
2025-10-07 23:58:23,264 [Worker-133: Launching TioAndresApplication] INFO  o.e.m.c.i.embedder.EclipseLogger - Using 'UTF-8' encoding to copy filtered resources.
2025-10-07 23:58:23,265 [Worker-133: Launching TioAndresApplication] INFO  o.e.m.c.i.embedder.EclipseLogger - Using 'UTF-8' encoding to copy filtered properties files.
2025-10-07 23:58:23,266 [Worker-133: Launching TioAndresApplication] INFO  o.e.m.c.i.embedder.EclipseLogger - Copying 0 resource
2025-10-07 23:58:23,267 [Worker-133: Launching TioAndresApplication] INFO  o.e.m.c.i.embedder.EclipseLogger - Copying 1 resource
2025-10-07 23:58:23,272 [Worker-133: Launching TioAndresApplication] INFO  o.e.m.c.i.embedder.EclipseLogger - Using 'UTF-8' encoding to copy filtered resources.
2025-10-07 23:58:23,273 [Worker-133: Launching TioAndresApplication] INFO  o.e.m.c.i.embedder.EclipseLogger - Using 'UTF-8' encoding to copy filtered properties files.
2025-10-07 23:58:23,273 [Worker-133: Launching TioAndresApplication] INFO  o.e.m.c.i.embedder.EclipseLogger - skip non existing resourceDirectory /Users/ricardomatacrisostomo/Documents/BarajasClub/BarajasClub/src/test/resources
2025-10-08 00:01:53,980 [Worker-133: Building Workspace] INFO  o.e.m.c.i.embedder.EclipseLogger - Using 'UTF-8' encoding to copy filtered resources.
2025-10-08 00:01:53,982 [Worker-133: Building Workspace] INFO  o.e.m.c.i.embedder.EclipseLogger - Using 'UTF-8' encoding to copy filtered properties files.
2025-10-08 00:01:53,983 [Worker-133: Building Workspace] INFO  o.e.m.c.i.embedder.EclipseLogger - Copying 0 resource
2025-10-08 00:01:53,984 [Worker-133: Building Workspace] INFO  o.e.m.c.i.embedder.EclipseLogger - Copying 1 resource
2025-10-08 00:01:53,988 [Worker-133: Building Workspace] INFO  o.e.m.c.i.embedder.EclipseLogger - Using 'UTF-8' encoding to copy filtered resources.
2025-10-08 00:01:53,988 [Worker-133: Building Workspace] INFO  o.e.m.c.i.embedder.EclipseLogger - Using 'UTF-8' encoding to copy filtered properties files.
2025-10-08 00:01:53,988 [Worker-133: Building Workspace] INFO  o.e.m.c.i.embedder.EclipseLogger - skip non existing resourceDirectory /Users/ricardomatacrisostomo/Documents/BarajasClub/BarajasClub/src/test/resources
2025-10-08 22:24:53,213 [Worker-186: Cleaning all projects] INFO  o.e.m.w.i.f.ResourceFilteringBuildParticipant - Cleaning filtered folder for BarajasClub
2025-10-08 22:24:54,660 [Worker-181: Building Workspace] INFO  o.e.m.c.i.embedder.EclipseLogger - Using 'UTF-8' encoding to copy filtered resources.
2025-10-08 22:24:54,660 [Worker-181: Building Workspace] INFO  o.e.m.c.i.embedder.EclipseLogger - Using 'UTF-8' encoding to copy filtered properties files.
2025-10-08 22:24:54,661 [Worker-181: Building Workspace] INFO  o.e.m.c.i.embedder.EclipseLogger - Copying 1 resource
2025-10-08 22:24:54,667 [Worker-181: Building Workspace] INFO  o.e.m.c.i.embedder.EclipseLogger - Copying 13 resources
2025-10-08 22:24:54,763 [Worker-181: Building Workspace] INFO  o.e.m.c.i.embedder.EclipseLogger - Using 'UTF-8' encoding to copy filtered resources.
2025-10-08 22:24:54,763 [Worker-181: Building Workspace] INFO  o.e.m.c.i.embedder.EclipseLogger - Using 'UTF-8' encoding to copy filtered properties files.
2025-10-08 22:24:54,763 [Worker-181: Building Workspace] INFO  o.e.m.c.i.embedder.EclipseLogger - skip non existing resourceDirectory /Users/ricardomatacrisostomo/Documents/BarajasClub/BarajasClub/src/test/resources
2025-10-08 22:24:54,764 [Worker-181: Building Workspace] INFO  o.e.m.w.i.f.ResourceFilteringBuildParticipant - Changed resources require a complete clean of filtered resources of BarajasClub
2025-10-08 22:24:54,764 [Worker-181: Building Workspace] INFO  o.e.m.w.i.f.ResourceFilteringBuildParticipant - Executing resource filtering for BarajasClub
2025-10-08 22:24:54,773 [Worker-181: Building Workspace] INFO  o.e.m.c.i.embedder.EclipseLogger - Using 'UTF-8' encoding to copy filtered resources.
2025-10-08 22:24:54,773 [Worker-181: Building Workspace] INFO  o.e.m.c.i.embedder.EclipseLogger - Using 'UTF-8' encoding to copy filtered properties files.
2025-10-08 22:31:08,500 [Worker-190: Launching TioAndresApplication] INFO  o.e.m.c.i.embedder.EclipseLogger - Using 'UTF-8' encoding to copy filtered resources.
2025-10-08 22:31:08,501 [Worker-190: Launching TioAndresApplication] INFO  o.e.m.c.i.embedder.EclipseLogger - Using 'UTF-8' encoding to copy filtered properties files.
2025-10-08 22:31:08,503 [Worker-190: Launching TioAndresApplication] INFO  o.e.m.c.i.embedder.EclipseLogger - Copying 0 resource
2025-10-08 22:31:08,504 [Worker-190: Launching TioAndresApplication] INFO  o.e.m.c.i.embedder.EclipseLogger - Copying 1 resource
2025-10-08 22:31:08,510 [Worker-190: Launching TioAndresApplication] INFO  o.e.m.c.i.embedder.EclipseLogger - Using 'UTF-8' encoding to copy filtered resources.
2025-10-08 22:31:08,510 [Worker-190: Launching TioAndresApplication] INFO  o.e.m.c.i.embedder.EclipseLogger - Using 'UTF-8' encoding to copy filtered properties files.
2025-10-08 22:31:08,511 [Worker-190: Launching TioAndresApplication] INFO  o.e.m.c.i.embedder.EclipseLogger - skip non existing resourceDirectory /Users/ricardomatacrisostomo/Documents/BarajasClub/BarajasClub/src/test/resources
2025-10-08 22:47:51,440 [Worker-192: Launching TioAndresApplication] INFO  o.e.m.c.i.embedder.EclipseLogger - Using 'UTF-8' encoding to copy filtered resources.
2025-10-08 22:47:51,444 [Worker-192: Launching TioAndresApplication] INFO  o.e.m.c.i.embedder.EclipseLogger - Using 'UTF-8' encoding to copy filtered properties files.
2025-10-08 22:47:51,446 [Worker-192: Launching TioAndresApplication] INFO  o.e.m.c.i.embedder.EclipseLogger - Copying 0 resource
2025-10-08 22:47:51,447 [Worker-192: Launching TioAndresApplication] INFO  o.e.m.c.i.embedder.EclipseLogger - Copying 1 resource
2025-10-08 22:47:51,460 [Worker-192: Launching TioAndresApplication] INFO  o.e.m.c.i.embedder.EclipseLogger - Using 'UTF-8' encoding to copy filtered resources.
2025-10-08 22:47:51,460 [Worker-192: Launching TioAndresApplication] INFO  o.e.m.c.i.embedder.EclipseLogger - Using 'UTF-8' encoding to copy filtered properties files.
2025-10-08 22:47:51,461 [Worker-192: Launching TioAndresApplication] INFO  o.e.m.c.i.embedder.EclipseLogger - skip non existing resourceDirectory /Users/ricardomatacrisostomo/Documents/BarajasClub/BarajasClub/src/test/resources
2025-10-08 22:51:21,201 [Worker-193: Launching TioAndresApplication] INFO  o.e.m.c.i.embedder.EclipseLogger - Using 'UTF-8' encoding to copy filtered resources.
2025-10-08 22:51:21,203 [Worker-193: Launching TioAndresApplication] INFO  o.e.m.c.i.embedder.EclipseLogger - Using 'UTF-8' encoding to copy filtered properties files.
2025-10-08 22:51:21,204 [Worker-193: Launching TioAndresApplication] INFO  o.e.m.c.i.embedder.EclipseLogger - Copying 0 resource
2025-10-08 22:51:21,204 [Worker-193: Launching TioAndresApplication] INFO  o.e.m.c.i.embedder.EclipseLogger - Copying 1 resource
2025-10-08 22:51:21,209 [Worker-193: Launching TioAndresApplication] INFO  o.e.m.c.i.embedder.EclipseLogger - Using 'UTF-8' encoding to copy filtered resources.
2025-10-08 22:51:21,209 [Worker-193: Launching TioAndresApplication] INFO  o.e.m.c.i.embedder.EclipseLogger - Using 'UTF-8' encoding to copy filtered properties files.
2025-10-08 22:51:21,209 [Worker-193: Launching TioAndresApplication] INFO  o.e.m.c.i.embedder.EclipseLogger - skip non existing resourceDirectory /Users/ricardomatacrisostomo/Documents/BarajasClub/BarajasClub/src/test/resources
2025-10-08 22:55:55,099 [Worker-193: Launching TioAndresApplication] INFO  o.e.m.c.i.embedder.EclipseLogger - Using 'UTF-8' encoding to copy filtered resources.
2025-10-08 22:55:55,104 [Worker-193: Launching TioAndresApplication] INFO  o.e.m.c.i.embedder.EclipseLogger - Using 'UTF-8' encoding to copy filtered properties files.
2025-10-08 22:55:55,105 [Worker-193: Launching TioAndresApplication] INFO  o.e.m.c.i.embedder.EclipseLogger - Copying 0 resource
2025-10-08 22:55:55,106 [Worker-193: Launching TioAndresApplication] INFO  o.e.m.c.i.embedder.EclipseLogger - Copying 1 resource
2025-10-08 22:55:55,111 [Worker-193: Launching TioAndresApplication] INFO  o.e.m.c.i.embedder.EclipseLogger - Using 'UTF-8' encoding to copy filtered resources.
2025-10-08 22:55:55,111 [Worker-193: Launching TioAndresApplication] INFO  o.e.m.c.i.embedder.EclipseLogger - Using 'UTF-8' encoding to copy filtered properties files.
2025-10-08 22:55:55,111 [Worker-193: Launching TioAndresApplication] INFO  o.e.m.c.i.embedder.EclipseLogger - skip non existing resourceDirectory /Users/ricardomatacrisostomo/Documents/BarajasClub/BarajasClub/src/test/resources
2025-10-08 23:03:36,727 [Worker-197: Launching TioAndresApplication] INFO  o.e.m.c.i.embedder.EclipseLogger - Using 'UTF-8' encoding to copy filtered resources.
2025-10-08 23:03:36,729 [Worker-197: Launching TioAndresApplication] INFO  o.e.m.c.i.embedder.EclipseLogger - Using 'UTF-8' encoding to copy filtered properties files.
2025-10-08 23:03:36,731 [Worker-197: Launching TioAndresApplication] INFO  o.e.m.c.i.embedder.EclipseLogger - Copying 1 resource
2025-10-08 23:03:36,828 [Worker-197: Launching TioAndresApplication] INFO  o.e.m.c.i.embedder.EclipseLogger - Copying 13 resources
2025-10-08 23:03:36,832 [Worker-197: Launching TioAndresApplication] INFO  o.e.m.c.i.embedder.EclipseLogger - Using 'UTF-8' encoding to copy filtered resources.
2025-10-08 23:03:36,832 [Worker-197: Launching TioAndresApplication] INFO  o.e.m.c.i.embedder.EclipseLogger - Using 'UTF-8' encoding to copy filtered properties files.
2025-10-08 23:03:36,832 [Worker-197: Launching TioAndresApplication] INFO  o.e.m.c.i.embedder.EclipseLogger - skip non existing resourceDirectory /Users/ricardomatacrisostomo/Documents/BarajasClub/BarajasClub/src/test/resources
2025-10-08 23:12:25,880 [Worker-191: Launching TioAndresApplication] INFO  o.e.m.c.i.embedder.EclipseLogger - Using 'UTF-8' encoding to copy filtered resources.
2025-10-08 23:12:25,882 [Worker-191: Launching TioAndresApplication] INFO  o.e.m.c.i.embedder.EclipseLogger - Using 'UTF-8' encoding to copy filtered properties files.
2025-10-08 23:12:25,885 [Worker-191: Launching TioAndresApplication] INFO  o.e.m.c.i.embedder.EclipseLogger - Copying 1 resource
2025-10-08 23:12:25,936 [Worker-191: Launching TioAndresApplication] INFO  o.e.m.c.i.embedder.EclipseLogger - Copying 13 resources
2025-10-08 23:12:25,939 [Worker-191: Launching TioAndresApplication] INFO  o.e.m.c.i.embedder.EclipseLogger - Using 'UTF-8' encoding to copy filtered resources.
2025-10-08 23:12:25,939 [Worker-191: Launching TioAndresApplication] INFO  o.e.m.c.i.embedder.EclipseLogger - Using 'UTF-8' encoding to copy filtered properties files.
2025-10-08 23:12:25,939 [Worker-191: Launching TioAndresApplication] INFO  o.e.m.c.i.embedder.EclipseLogger - skip non existing resourceDirectory /Users/ricardomatacrisostomo/Documents/BarajasClub/BarajasClub/src/test/resources
2025-10-08 23:14:36,174 [Worker-192: Launching TioAndresApplication] INFO  o.e.m.c.i.embedder.EclipseLogger - Using 'UTF-8' encoding to copy filtered resources.
2025-10-08 23:14:36,175 [Worker-192: Launching TioAndresApplication] INFO  o.e.m.c.i.embedder.EclipseLogger - Using 'UTF-8' encoding to copy filtered properties files.
2025-10-08 23:14:36,176 [Worker-192: Launching TioAndresApplication] INFO  o.e.m.c.i.embedder.EclipseLogger - Copying 1 resource
2025-10-08 23:14:36,186 [Worker-192: Launching TioAndresApplication] INFO  o.e.m.c.i.embedder.EclipseLogger - Copying 13 resources
2025-10-08 23:14:36,190 [Worker-192: Launching TioAndresApplication] INFO  o.e.m.c.i.embedder.EclipseLogger - Using 'UTF-8' encoding to copy filtered resources.
2025-10-08 23:14:36,191 [Worker-192: Launching TioAndresApplication] INFO  o.e.m.c.i.embedder.EclipseLogger - Using 'UTF-8' encoding to copy filtered properties files.
2025-10-08 23:14:36,191 [Worker-192: Launching TioAndresApplication] INFO  o.e.m.c.i.embedder.EclipseLogger - skip non existing resourceDirectory /Users/ricardomatacrisostomo/Documents/BarajasClub/BarajasClub/src/test/resources
2025-10-08 23:22:16,694 [Worker-196: Building Workspace] INFO  o.e.m.c.i.embedder.EclipseLogger - Using 'UTF-8' encoding to copy filtered resources.
2025-10-08 23:22:16,699 [Worker-196: Building Workspace] INFO  o.e.m.c.i.embedder.EclipseLogger - Using 'UTF-8' encoding to copy filtered properties files.
2025-10-08 23:22:16,702 [Worker-196: Building Workspace] INFO  o.e.m.c.i.embedder.EclipseLogger - Copying 1 resource
2025-10-08 23:22:16,712 [Worker-196: Building Workspace] INFO  o.e.m.c.i.embedder.EclipseLogger - Copying 13 resources
2025-10-08 23:22:16,717 [Worker-196: Building Workspace] INFO  o.e.m.c.i.embedder.EclipseLogger - Using 'UTF-8' encoding to copy filtered resources.
2025-10-08 23:22:16,717 [Worker-196: Building Workspace] INFO  o.e.m.c.i.embedder.EclipseLogger - Using 'UTF-8' encoding to copy filtered properties files.
2025-10-08 23:22:16,717 [Worker-196: Building Workspace] INFO  o.e.m.c.i.embedder.EclipseLogger - skip non existing resourceDirectory /Users/ricardomatacrisostomo/Documents/BarajasClub/BarajasClub/src/test/resources
2025-10-08 23:23:58,133 [Worker-196: Building Workspace] INFO  o.e.m.c.i.embedder.EclipseLogger - Using 'UTF-8' encoding to copy filtered resources.
2025-10-08 23:23:58,134 [Worker-196: Building Workspace] INFO  o.e.m.c.i.embedder.EclipseLogger - Using 'UTF-8' encoding to copy filtered properties files.
2025-10-08 23:23:58,136 [Worker-196: Building Workspace] INFO  o.e.m.c.i.embedder.EclipseLogger - Copying 1 resource
2025-10-08 23:23:58,383 [Worker-196: Building Workspace] INFO  o.e.m.c.i.embedder.EclipseLogger - Copying 13 resources
2025-10-08 23:23:58,388 [Worker-196: Building Workspace] INFO  o.e.m.c.i.embedder.EclipseLogger - Using 'UTF-8' encoding to copy filtered resources.
2025-10-08 23:23:58,388 [Worker-196: Building Workspace] INFO  o.e.m.c.i.embedder.EclipseLogger - Using 'UTF-8' encoding to copy filtered properties files.
2025-10-08 23:23:58,388 [Worker-196: Building Workspace] INFO  o.e.m.c.i.embedder.EclipseLogger - skip non existing resourceDirectory /Users/ricardomatacrisostomo/Documents/BarajasClub/BarajasClub/src/test/resources
2025-10-08 23:24:41,055 [Worker-198: Cleaning all projects] INFO  o.e.m.w.i.f.ResourceFilteringBuildParticipant - Cleaning filtered folder for BarajasClub
2025-10-08 23:24:42,240 [Worker-201: Building Workspace] INFO  o.e.m.c.i.embedder.EclipseLogger - Using 'UTF-8' encoding to copy filtered resources.
2025-10-08 23:24:42,240 [Worker-201: Building Workspace] INFO  o.e.m.c.i.embedder.EclipseLogger - Using 'UTF-8' encoding to copy filtered properties files.
2025-10-08 23:24:42,241 [Worker-201: Building Workspace] INFO  o.e.m.c.i.embedder.EclipseLogger - Copying 1 resource
2025-10-08 23:24:42,245 [Worker-201: Building Workspace] INFO  o.e.m.c.i.embedder.EclipseLogger - Copying 13 resources
2025-10-08 23:24:42,411 [Worker-201: Building Workspace] INFO  o.e.m.c.i.embedder.EclipseLogger - Using 'UTF-8' encoding to copy filtered resources.
2025-10-08 23:24:42,411 [Worker-201: Building Workspace] INFO  o.e.m.c.i.embedder.EclipseLogger - Using 'UTF-8' encoding to copy filtered properties files.
2025-10-08 23:24:42,412 [Worker-201: Building Workspace] INFO  o.e.m.c.i.embedder.EclipseLogger - skip non existing resourceDirectory /Users/ricardomatacrisostomo/Documents/BarajasClub/BarajasClub/src/test/resources
2025-10-08 23:24:42,412 [Worker-201: Building Workspace] INFO  o.e.m.w.i.f.ResourceFilteringBuildParticipant - Changed resources require a complete clean of filtered resources of BarajasClub
2025-10-08 23:24:42,412 [Worker-201: Building Workspace] INFO  o.e.m.w.i.f.ResourceFilteringBuildParticipant - Executing resource filtering for BarajasClub
2025-10-08 23:24:42,425 [Worker-201: Building Workspace] INFO  o.e.m.c.i.embedder.EclipseLogger - Using 'UTF-8' encoding to copy filtered resources.
2025-10-08 23:24:42,425 [Worker-201: Building Workspace] INFO  o.e.m.c.i.embedder.EclipseLogger - Using 'UTF-8' encoding to copy filtered properties files.
2025-10-08 23:24:57,036 [Worker-198: Launching TioAndresApplication] INFO  o.e.m.c.i.embedder.EclipseLogger - Using 'UTF-8' encoding to copy filtered resources.
2025-10-08 23:24:57,036 [Worker-198: Launching TioAndresApplication] INFO  o.e.m.c.i.embedder.EclipseLogger - Using 'UTF-8' encoding to copy filtered properties files.
2025-10-08 23:24:57,037 [Worker-198: Launching TioAndresApplication] INFO  o.e.m.c.i.embedder.EclipseLogger - Copying 0 resource
2025-10-08 23:24:57,037 [Worker-198: Launching TioAndresApplication] INFO  o.e.m.c.i.embedder.EclipseLogger - Copying 1 resource
2025-10-08 23:24:57,046 [Worker-198: Launching TioAndresApplication] INFO  o.e.m.c.i.embedder.EclipseLogger - Using 'UTF-8' encoding to copy filtered resources.
2025-10-08 23:24:57,046 [Worker-198: Launching TioAndresApplication] INFO  o.e.m.c.i.embedder.EclipseLogger - Using 'UTF-8' encoding to copy filtered properties files.
2025-10-08 23:24:57,046 [Worker-198: Launching TioAndresApplication] INFO  o.e.m.c.i.embedder.EclipseLogger - skip non existing resourceDirectory /Users/ricardomatacrisostomo/Documents/BarajasClub/BarajasClub/src/test/resources
2025-10-09 00:07:48,822 [Worker-205: Building Workspace] INFO  o.e.m.c.i.embedder.EclipseLogger - Using 'UTF-8' encoding to copy filtered resources.
2025-10-09 00:07:48,827 [Worker-205: Building Workspace] INFO  o.e.m.c.i.embedder.EclipseLogger - Using 'UTF-8' encoding to copy filtered properties files.
2025-10-09 00:07:48,830 [Worker-205: Building Workspace] INFO  o.e.m.c.i.embedder.EclipseLogger - Copying 1 resource
2025-10-09 00:07:48,909 [Worker-205: Building Workspace] INFO  o.e.m.c.i.embedder.EclipseLogger - Copying 13 resources
2025-10-09 00:07:48,913 [Worker-205: Building Workspace] INFO  o.e.m.c.i.embedder.EclipseLogger - Using 'UTF-8' encoding to copy filtered resources.
2025-10-09 00:07:48,914 [Worker-205: Building Workspace] INFO  o.e.m.c.i.embedder.EclipseLogger - Using 'UTF-8' encoding to copy filtered properties files.
2025-10-09 00:07:48,914 [Worker-205: Building Workspace] INFO  o.e.m.c.i.embedder.EclipseLogger - skip non existing resourceDirectory /Users/ricardomatacrisostomo/Documents/BarajasClub/BarajasClub/src/test/resources
2025-10-09 00:08:00,279 [Worker-209: Cleaning all projects] INFO  o.e.m.w.i.f.ResourceFilteringBuildParticipant - Cleaning filtered folder for BarajasClub
2025-10-09 00:08:00,827 [Worker-205: Building Workspace] INFO  o.e.m.c.i.embedder.EclipseLogger - Using 'UTF-8' encoding to copy filtered resources.
2025-10-09 00:08:00,828 [Worker-205: Building Workspace] INFO  o.e.m.c.i.embedder.EclipseLogger - Using 'UTF-8' encoding to copy filtered properties files.
2025-10-09 00:08:00,828 [Worker-205: Building Workspace] INFO  o.e.m.c.i.embedder.EclipseLogger - Copying 1 resource
2025-10-09 00:08:00,833 [Worker-205: Building Workspace] INFO  o.e.m.c.i.embedder.EclipseLogger - Copying 13 resources
2025-10-09 00:08:00,982 [Worker-205: Building Workspace] INFO  o.e.m.c.i.embedder.EclipseLogger - Using 'UTF-8' encoding to copy filtered resources.
2025-10-09 00:08:00,982 [Worker-205: Building Workspace] INFO  o.e.m.c.i.embedder.EclipseLogger - Using 'UTF-8' encoding to copy filtered properties files.
2025-10-09 00:08:00,982 [Worker-205: Building Workspace] INFO  o.e.m.c.i.embedder.EclipseLogger - skip non existing resourceDirectory /Users/ricardomatacrisostomo/Documents/BarajasClub/BarajasClub/src/test/resources
2025-10-09 00:08:00,982 [Worker-205: Building Workspace] INFO  o.e.m.w.i.f.ResourceFilteringBuildParticipant - Changed resources require a complete clean of filtered resources of BarajasClub
2025-10-09 00:08:00,982 [Worker-205: Building Workspace] INFO  o.e.m.w.i.f.ResourceFilteringBuildParticipant - Executing resource filtering for BarajasClub
2025-10-09 00:08:00,988 [Worker-205: Building Workspace] INFO  o.e.m.c.i.embedder.EclipseLogger - Using 'UTF-8' encoding to copy filtered resources.
2025-10-09 00:08:00,988 [Worker-205: Building Workspace] INFO  o.e.m.c.i.embedder.EclipseLogger - Using 'UTF-8' encoding to copy filtered properties files.
2025-10-09 00:54:14,146 [Worker-216: Launching BarajasClub] INFO  o.e.m.i.launch.MavenLaunchDelegate - /Users/ricardomatacrisostomo/Documents/BarajasClub/BarajasClub
2025-10-09 00:54:14,148 [Worker-216: Launching BarajasClub] INFO  o.e.m.i.launch.MavenLaunchDelegate -  mvn -B clean install
2025-10-09 01:07:42,313 [Worker-214: Launching TioAndresApplication] INFO  o.e.m.c.i.embedder.EclipseLogger - Using 'UTF-8' encoding to copy filtered resources.
2025-10-09 01:07:42,318 [Worker-214: Launching TioAndresApplication] INFO  o.e.m.c.i.embedder.EclipseLogger - Using 'UTF-8' encoding to copy filtered properties files.
2025-10-09 01:07:42,328 [Worker-214: Launching TioAndresApplication] INFO  o.e.m.c.i.embedder.EclipseLogger - Copying 1 resource
2025-10-09 01:07:42,418 [Worker-214: Launching TioAndresApplication] INFO  o.e.m.c.i.embedder.EclipseLogger - Copying 13 resources
2025-10-09 01:07:42,424 [Worker-214: Launching TioAndresApplication] INFO  o.e.m.c.i.embedder.EclipseLogger - Using 'UTF-8' encoding to copy filtered resources.
2025-10-09 01:07:42,424 [Worker-214: Launching TioAndresApplication] INFO  o.e.m.c.i.embedder.EclipseLogger - Using 'UTF-8' encoding to copy filtered properties files.
2025-10-09 01:07:42,424 [Worker-214: Launching TioAndresApplication] INFO  o.e.m.c.i.embedder.EclipseLogger - skip non existing resourceDirectory /Users/ricardomatacrisostomo/Documents/BarajasClub/BarajasClub/src/test/resources
2025-10-09 01:07:42,425 [Worker-214: Launching TioAndresApplication] INFO  o.e.m.w.i.f.ResourceFilteringBuildParticipant - Changed resources require a complete clean of filtered resources of BarajasClub
2025-10-09 01:07:42,425 [Worker-214: Launching TioAndresApplication] INFO  o.e.m.w.i.f.ResourceFilteringBuildParticipant - Executing resource filtering for BarajasClub
2025-10-09 01:07:42,442 [Worker-214: Launching TioAndresApplication] INFO  o.e.m.c.i.embedder.EclipseLogger - Using 'UTF-8' encoding to copy filtered resources.
2025-10-09 01:07:42,442 [Worker-214: Launching TioAndresApplication] INFO  o.e.m.c.i.embedder.EclipseLogger - Using 'UTF-8' encoding to copy filtered properties files.
2025-10-09 01:16:52,801 [Worker-205: Launching TioAndresApplication] INFO  o.e.m.c.i.embedder.EclipseLogger - Using 'UTF-8' encoding to copy filtered resources.
2025-10-09 01:16:52,806 [Worker-205: Launching TioAndresApplication] INFO  o.e.m.c.i.embedder.EclipseLogger - Using 'UTF-8' encoding to copy filtered properties files.
2025-10-09 01:16:52,808 [Worker-205: Launching TioAndresApplication] INFO  o.e.m.c.i.embedder.EclipseLogger - Copying 0 resource
2025-10-09 01:16:52,808 [Worker-205: Launching TioAndresApplication] INFO  o.e.m.c.i.embedder.EclipseLogger - Copying 1 resource
2025-10-09 01:16:52,824 [Worker-205: Launching TioAndresApplication] INFO  o.e.m.c.i.embedder.EclipseLogger - Using 'UTF-8' encoding to copy filtered resources.
2025-10-09 01:16:52,824 [Worker-205: Launching TioAndresApplication] INFO  o.e.m.c.i.embedder.EclipseLogger - Using 'UTF-8' encoding to copy filtered properties files.
2025-10-09 01:16:52,824 [Worker-205: Launching TioAndresApplication] INFO  o.e.m.c.i.embedder.EclipseLogger - skip non existing resourceDirectory /Users/ricardomatacrisostomo/Documents/BarajasClub/BarajasClub/src/test/resources
2025-10-09 01:22:25,376 [Worker-214: Launching TioAndresApplication] INFO  o.e.m.c.i.embedder.EclipseLogger - Using 'UTF-8' encoding to copy filtered resources.
2025-10-09 01:22:25,377 [Worker-214: Launching TioAndresApplication] INFO  o.e.m.c.i.embedder.EclipseLogger - Using 'UTF-8' encoding to copy filtered properties files.
2025-10-09 01:22:25,379 [Worker-214: Launching TioAndresApplication] INFO  o.e.m.c.i.embedder.EclipseLogger - Copying 0 resource
2025-10-09 01:22:25,379 [Worker-214: Launching TioAndresApplication] INFO  o.e.m.c.i.embedder.EclipseLogger - Copying 1 resource
2025-10-09 01:22:25,386 [Worker-214: Launching TioAndresApplication] INFO  o.e.m.c.i.embedder.EclipseLogger - Using 'UTF-8' encoding to copy filtered resources.
2025-10-09 01:22:25,386 [Worker-214: Launching TioAndresApplication] INFO  o.e.m.c.i.embedder.EclipseLogger - Using 'UTF-8' encoding to copy filtered properties files.
2025-10-09 01:22:25,386 [Worker-214: Launching TioAndresApplication] INFO  o.e.m.c.i.embedder.EclipseLogger - skip non existing resourceDirectory /Users/ricardomatacrisostomo/Documents/BarajasClub/BarajasClub/src/test/resources
2025-10-09 01:26:01,865 [Worker-219: Launching TioAndresApplication] INFO  o.e.m.c.i.embedder.EclipseLogger - Using 'UTF-8' encoding to copy filtered resources.
2025-10-09 01:26:01,869 [Worker-219: Launching TioAndresApplication] INFO  o.e.m.c.i.embedder.EclipseLogger - Using 'UTF-8' encoding to copy filtered properties files.
2025-10-09 01:26:01,869 [Worker-219: Launching TioAndresApplication] INFO  o.e.m.c.i.embedder.EclipseLogger - Copying 0 resource
2025-10-09 01:26:01,870 [Worker-219: Launching TioAndresApplication] INFO  o.e.m.c.i.embedder.EclipseLogger - Copying 1 resource
2025-10-09 01:26:01,876 [Worker-219: Launching TioAndresApplication] INFO  o.e.m.c.i.embedder.EclipseLogger - Using 'UTF-8' encoding to copy filtered resources.
2025-10-09 01:26:01,876 [Worker-219: Launching TioAndresApplication] INFO  o.e.m.c.i.embedder.EclipseLogger - Using 'UTF-8' encoding to copy filtered properties files.
2025-10-09 01:26:01,876 [Worker-219: Launching TioAndresApplication] INFO  o.e.m.c.i.embedder.EclipseLogger - skip non existing resourceDirectory /Users/ricardomatacrisostomo/Documents/BarajasClub/BarajasClub/src/test/resources
2025-10-09 01:29:05,679 [Worker-219: Launching BarajasClub] INFO  o.e.m.i.launch.MavenLaunchDelegate - /Users/ricardomatacrisostomo/Documents/BarajasClub/BarajasClub
2025-10-09 01:29:05,682 [Worker-219: Launching BarajasClub] INFO  o.e.m.i.launch.MavenLaunchDelegate -  mvn -B clean install
2025-10-09 23:51:32,761 [Worker-273: Building Workspace] INFO  o.e.m.c.i.l.LifecycleMappingFactory - Using org.maven.ide.eclipse.wtp.WarLifecycleMapping lifecycle mapping for MavenProject: com.mx:barajas-club-springboot-demo:0.0.1-SNAPSHOT @ /Users/ricardomatacrisostomo/Documents/BarajasClub/BarajasClub/pom.xml.
2025-10-09 23:51:39,326 [Worker-273: Building Workspace] INFO  o.e.m.c.i.embedder.EclipseLogger - Using 'UTF-8' encoding to copy filtered resources.
2025-10-09 23:51:39,326 [Worker-273: Building Workspace] INFO  o.e.m.c.i.embedder.EclipseLogger - Using 'UTF-8' encoding to copy filtered properties files.
2025-10-09 23:51:39,333 [Worker-273: Building Workspace] INFO  o.e.m.c.i.embedder.EclipseLogger - Copying 1 resource
2025-10-09 23:51:39,407 [Worker-273: Building Workspace] INFO  o.e.m.c.i.embedder.EclipseLogger - Copying 13 resources
2025-10-09 23:51:39,413 [Worker-273: Building Workspace] INFO  o.e.m.c.i.embedder.EclipseLogger - Using 'UTF-8' encoding to copy filtered resources.
2025-10-09 23:51:39,414 [Worker-273: Building Workspace] INFO  o.e.m.c.i.embedder.EclipseLogger - Using 'UTF-8' encoding to copy filtered properties files.
2025-10-09 23:51:39,414 [Worker-273: Building Workspace] INFO  o.e.m.c.i.embedder.EclipseLogger - skip non existing resourceDirectory /Users/ricardomatacrisostomo/Documents/BarajasClub/BarajasClub/src/test/resources
2025-10-09 23:51:39,414 [Worker-273: Building Workspace] INFO  o.e.m.w.i.f.ResourceFilteringBuildParticipant - Changed resources require a complete clean of filtered resources of BarajasClub
2025-10-09 23:51:39,414 [Worker-273: Building Workspace] INFO  o.e.m.w.i.f.ResourceFilteringBuildParticipant - Executing resource filtering for BarajasClub
2025-10-09 23:51:39,419 [Worker-273: Building Workspace] INFO  o.e.m.c.i.embedder.EclipseLogger - Using 'UTF-8' encoding to copy filtered resources.
2025-10-09 23:51:39,420 [Worker-273: Building Workspace] INFO  o.e.m.c.i.embedder.EclipseLogger - Using 'UTF-8' encoding to copy filtered properties files.
2025-10-09 23:52:03,149 [main] INFO  o.e.m2e.actions.ExecutePomAction - Using existing launch configuration
2025-10-09 23:52:03,217 [Worker-272: Launching BarajasClub] INFO  o.e.m.i.launch.MavenLaunchDelegate - /Users/ricardomatacrisostomo/Documents/BarajasClub/BarajasClub
2025-10-09 23:52:03,217 [Worker-272: Launching BarajasClub] INFO  o.e.m.i.launch.MavenLaunchDelegate -  mvn -B clean install
2025-10-09 23:52:43,574 [Worker-265: Launching TioAndresApplication] INFO  o.e.m.c.i.embedder.EclipseLogger - Using 'UTF-8' encoding to copy filtered resources.
2025-10-09 23:52:43,575 [Worker-265: Launching TioAndresApplication] INFO  o.e.m.c.i.embedder.EclipseLogger - Using 'UTF-8' encoding to copy filtered properties files.
2025-10-09 23:52:43,586 [Worker-265: Launching TioAndresApplication] INFO  o.e.m.c.i.embedder.EclipseLogger - Copying 1 resource
2025-10-09 23:52:43,748 [Worker-265: Launching TioAndresApplication] INFO  o.e.m.c.i.embedder.EclipseLogger - Copying 13 resources
2025-10-09 23:52:43,762 [Worker-265: Launching TioAndresApplication] INFO  o.e.m.c.i.embedder.EclipseLogger - Using 'UTF-8' encoding to copy filtered resources.
2025-10-09 23:52:43,762 [Worker-265: Launching TioAndresApplication] INFO  o.e.m.c.i.embedder.EclipseLogger - Using 'UTF-8' encoding to copy filtered properties files.
2025-10-09 23:52:43,762 [Worker-265: Launching TioAndresApplication] INFO  o.e.m.c.i.embedder.EclipseLogger - skip non existing resourceDirectory /Users/ricardomatacrisostomo/Documents/BarajasClub/BarajasClub/src/test/resources
2025-10-09 23:53:54,068 [Worker-278: Launching BarajasClub (1)] INFO  o.e.m.c.i.embedder.EclipseLogger - Using 'UTF-8' encoding to copy filtered resources.
2025-10-09 23:53:54,068 [Worker-278: Launching BarajasClub (1)] INFO  o.e.m.c.i.embedder.EclipseLogger - Using 'UTF-8' encoding to copy filtered properties files.
2025-10-09 23:53:54,070 [Worker-278: Launching BarajasClub (1)] INFO  o.e.m.c.i.embedder.EclipseLogger - Copying 1 resource
2025-10-09 23:53:54,150 [Worker-278: Launching BarajasClub (1)] INFO  o.e.m.c.i.embedder.EclipseLogger - Copying 13 resources
2025-10-09 23:53:54,155 [Worker-278: Launching BarajasClub (1)] INFO  o.e.m.c.i.embedder.EclipseLogger - Using 'UTF-8' encoding to copy filtered resources.
2025-10-09 23:53:54,155 [Worker-278: Launching BarajasClub (1)] INFO  o.e.m.c.i.embedder.EclipseLogger - Using 'UTF-8' encoding to copy filtered properties files.
2025-10-09 23:53:54,155 [Worker-278: Launching BarajasClub (1)] INFO  o.e.m.c.i.embedder.EclipseLogger - skip non existing resourceDirectory /Users/ricardomatacrisostomo/Documents/BarajasClub/BarajasClub/src/test/resources
2025-10-10 00:02:20,559 [Worker-276: Launching BarajasClub (1)] INFO  o.e.m.c.i.embedder.EclipseLogger - Using 'UTF-8' encoding to copy filtered resources.
2025-10-10 00:02:20,561 [Worker-276: Launching BarajasClub (1)] INFO  o.e.m.c.i.embedder.EclipseLogger - Using 'UTF-8' encoding to copy filtered properties files.
2025-10-10 00:02:20,564 [Worker-276: Launching BarajasClub (1)] INFO  o.e.m.c.i.embedder.EclipseLogger - Copying 1 resource
2025-10-10 00:02:20,639 [Worker-276: Launching BarajasClub (1)] INFO  o.e.m.c.i.embedder.EclipseLogger - Copying 13 resources
2025-10-10 00:02:20,646 [Worker-276: Launching BarajasClub (1)] INFO  o.e.m.c.i.embedder.EclipseLogger - Using 'UTF-8' encoding to copy filtered resources.
2025-10-10 00:02:20,646 [Worker-276: Launching BarajasClub (1)] INFO  o.e.m.c.i.embedder.EclipseLogger - Using 'UTF-8' encoding to copy filtered properties files.
2025-10-10 00:02:20,646 [Worker-276: Launching BarajasClub (1)] INFO  o.e.m.c.i.embedder.EclipseLogger - skip non existing resourceDirectory /Users/ricardomatacrisostomo/Documents/BarajasClub/BarajasClub/src/test/resources
2025-10-10 00:57:07,113 [Worker-279: Cleaning all projects] INFO  o.e.m.w.i.f.ResourceFilteringBuildParticipant - Cleaning filtered folder for BarajasClub
2025-10-10 00:57:07,999 [Worker-281: Building Workspace] INFO  o.e.m.c.i.embedder.EclipseLogger - Using 'UTF-8' encoding to copy filtered resources.
2025-10-10 00:57:08,001 [Worker-281: Building Workspace] INFO  o.e.m.c.i.embedder.EclipseLogger - Using 'UTF-8' encoding to copy filtered properties files.
2025-10-10 00:57:08,003 [Worker-281: Building Workspace] INFO  o.e.m.c.i.embedder.EclipseLogger - Copying 1 resource
2025-10-10 00:57:08,020 [Worker-281: Building Workspace] INFO  o.e.m.c.i.embedder.EclipseLogger - Copying 13 resources
2025-10-10 00:57:08,177 [Worker-281: Building Workspace] INFO  o.e.m.c.i.embedder.EclipseLogger - Using 'UTF-8' encoding to copy filtered resources.
2025-10-10 00:57:08,178 [Worker-281: Building Workspace] INFO  o.e.m.c.i.embedder.EclipseLogger - Using 'UTF-8' encoding to copy filtered properties files.
2025-10-10 00:57:08,178 [Worker-281: Building Workspace] INFO  o.e.m.c.i.embedder.EclipseLogger - skip non existing resourceDirectory /Users/ricardomatacrisostomo/Documents/BarajasClub/BarajasClub/src/test/resources
2025-10-10 00:57:08,178 [Worker-281: Building Workspace] INFO  o.e.m.w.i.f.ResourceFilteringBuildParticipant - Changed resources require a complete clean of filtered resources of BarajasClub
2025-10-10 00:57:08,178 [Worker-281: Building Workspace] INFO  o.e.m.w.i.f.ResourceFilteringBuildParticipant - Executing resource filtering for BarajasClub
2025-10-10 00:57:08,184 [Worker-281: Building Workspace] INFO  o.e.m.c.i.embedder.EclipseLogger - Using 'UTF-8' encoding to copy filtered resources.
2025-10-10 00:57:08,184 [Worker-281: Building Workspace] INFO  o.e.m.c.i.embedder.EclipseLogger - Using 'UTF-8' encoding to copy filtered properties files.
2025-10-10 00:57:20,380 [Worker-285: Launching BarajasClub] INFO  o.e.m.i.launch.MavenLaunchDelegate - /Users/ricardomatacrisostomo/Documents/BarajasClub/BarajasClub
2025-10-10 00:57:20,380 [Worker-285: Launching BarajasClub] INFO  o.e.m.i.launch.MavenLaunchDelegate -  mvn -B clean install
2025-10-10 00:58:16,318 [Worker-288: Updating Maven Project] INFO  o.e.m.c.i.p.ProjectConfigurationManager - Update started
2025-10-10 00:58:17,075 [Worker-288: Updating Maven Project] INFO  o.e.m.c.i.l.LifecycleMappingFactory - Using org.maven.ide.eclipse.wtp.WarLifecycleMapping lifecycle mapping for MavenProject: com.mx:barajas-club-springboot-demo:0.0.1-SNAPSHOT @ /Users/ricardomatacrisostomo/Documents/BarajasClub/BarajasClub/pom.xml.
2025-10-10 00:58:19,189 [Worker-288: Updating Maven Project] INFO  o.e.m.j.i.AbstractJavaProjectConfigurator - Adding source folder /BarajasClub/src/main/java
2025-10-10 00:58:19,190 [Worker-288: Updating Maven Project] INFO  o.e.m.j.i.AbstractJavaProjectConfigurator - Adding resource folder /BarajasClub/src/main/resources
2025-10-10 00:58:19,190 [Worker-288: Updating Maven Project] INFO  o.e.m.j.i.AbstractJavaProjectConfigurator - Adding resource folder /BarajasClub/src/main/resources
2025-10-10 00:58:19,191 [Worker-288: Updating Maven Project] INFO  o.e.m.j.i.AbstractJavaProjectConfigurator - Adding source folder /BarajasClub/src/test/java
2025-10-10 00:58:21,433 [Worker-288: Updating Maven Project] INFO  o.e.m.w.i.f.ResourceFilteringBuildParticipant - Cleaning filtered folder for BarajasClub
2025-10-10 00:58:21,443 [Worker-288: Updating Maven Project] INFO  o.e.m.c.i.p.ProjectConfigurationManager - Update completed: 5 sec
2025-10-10 00:58:23,508 [Worker-287: Building Project BarajasClub] INFO  o.e.m.c.i.embedder.EclipseLogger - Using 'UTF-8' encoding to copy filtered resources.
2025-10-10 00:58:23,508 [Worker-287: Building Project BarajasClub] INFO  o.e.m.c.i.embedder.EclipseLogger - Using 'UTF-8' encoding to copy filtered properties files.
2025-10-10 00:58:23,509 [Worker-287: Building Project BarajasClub] INFO  o.e.m.c.i.embedder.EclipseLogger - Copying 1 resource
2025-10-10 00:58:23,547 [Worker-287: Building Project BarajasClub] INFO  o.e.m.c.i.embedder.EclipseLogger - Copying 13 resources
2025-10-10 00:58:23,655 [Worker-287: Building Project BarajasClub] INFO  o.e.m.c.i.embedder.EclipseLogger - Using 'UTF-8' encoding to copy filtered resources.
2025-10-10 00:58:23,655 [Worker-287: Building Project BarajasClub] INFO  o.e.m.c.i.embedder.EclipseLogger - Using 'UTF-8' encoding to copy filtered properties files.
2025-10-10 00:58:23,655 [Worker-287: Building Project BarajasClub] INFO  o.e.m.c.i.embedder.EclipseLogger - skip non existing resourceDirectory /Users/ricardomatacrisostomo/Documents/BarajasClub/BarajasClub/src/test/resources
2025-10-10 00:58:23,656 [Worker-287: Building Project BarajasClub] INFO  o.e.m.w.i.f.ResourceFilteringBuildParticipant - Changed resources require a complete clean of filtered resources of BarajasClub
2025-10-10 00:58:23,656 [Worker-287: Building Project BarajasClub] INFO  o.e.m.w.i.f.ResourceFilteringBuildParticipant - Executing resource filtering for BarajasClub
2025-10-10 00:58:23,659 [Worker-287: Building Project BarajasClub] INFO  o.e.m.c.i.embedder.EclipseLogger - Using 'UTF-8' encoding to copy filtered resources.
2025-10-10 00:58:23,659 [Worker-287: Building Project BarajasClub] INFO  o.e.m.c.i.embedder.EclipseLogger - Using 'UTF-8' encoding to copy filtered properties files.
2025-10-10 01:06:35,323 [Worker-290: Launching BarajasClub] INFO  o.e.m.i.launch.MavenLaunchDelegate - /Users/ricardomatacrisostomo/Documents/BarajasClub/BarajasClub
2025-10-10 01:06:35,327 [Worker-290: Launching BarajasClub] INFO  o.e.m.i.launch.MavenLaunchDelegate -  mvn -B clean install
2025-10-10 01:06:45,406 [Worker-300: Build Project] INFO  o.e.m.c.i.embedder.EclipseLogger - Using 'UTF-8' encoding to copy filtered resources.
2025-10-10 01:06:45,406 [Worker-300: Build Project] INFO  o.e.m.c.i.embedder.EclipseLogger - Using 'UTF-8' encoding to copy filtered properties files.
2025-10-10 01:06:45,413 [Worker-300: Build Project] INFO  o.e.m.c.i.embedder.EclipseLogger - Copying 1 resource
2025-10-10 01:06:45,419 [Worker-300: Build Project] INFO  o.e.m.c.i.embedder.EclipseLogger - Copying 13 resources
2025-10-10 01:06:45,621 [Worker-300: Build Project] INFO  o.e.m.c.i.embedder.EclipseLogger - Using 'UTF-8' encoding to copy filtered resources.
2025-10-10 01:06:45,621 [Worker-300: Build Project] INFO  o.e.m.c.i.embedder.EclipseLogger - Using 'UTF-8' encoding to copy filtered properties files.
2025-10-10 01:06:45,621 [Worker-300: Build Project] INFO  o.e.m.c.i.embedder.EclipseLogger - skip non existing resourceDirectory /Users/ricardomatacrisostomo/Documents/BarajasClub/BarajasClub/src/test/resources
2025-10-10 01:06:48,353 [Worker-301: Launching BarajasClub] INFO  o.e.m.i.launch.MavenLaunchDelegate - /Users/ricardomatacrisostomo/Documents/BarajasClub/BarajasClub
2025-10-10 01:06:48,353 [Worker-301: Launching BarajasClub] INFO  o.e.m.i.launch.MavenLaunchDelegate -  mvn -B clean install
2025-10-10 01:19:31,631 [Worker-307: Building Workspace] INFO  o.e.m.c.i.embedder.EclipseLogger - Using 'UTF-8' encoding to copy filtered resources.
2025-10-10 01:19:31,652 [Worker-307: Building Workspace] INFO  o.e.m.c.i.embedder.EclipseLogger - Using 'UTF-8' encoding to copy filtered properties files.
2025-10-10 01:19:31,657 [Worker-307: Building Workspace] INFO  o.e.m.c.i.embedder.EclipseLogger - Copying 0 resource
2025-10-10 01:19:31,661 [Worker-307: Building Workspace] INFO  o.e.m.c.i.embedder.EclipseLogger - Copying 1 resource
2025-10-10 01:19:31,683 [Worker-307: Building Workspace] INFO  o.e.m.c.i.embedder.EclipseLogger - Using 'UTF-8' encoding to copy filtered resources.
2025-10-10 01:19:31,683 [Worker-307: Building Workspace] INFO  o.e.m.c.i.embedder.EclipseLogger - Using 'UTF-8' encoding to copy filtered properties files.
2025-10-10 01:19:31,683 [Worker-307: Building Workspace] INFO  o.e.m.c.i.embedder.EclipseLogger - skip non existing resourceDirectory /Users/ricardomatacrisostomo/Documents/BarajasClub/BarajasClub/src/test/resources
2025-10-10 01:19:45,138 [Worker-301: Launching BarajasClub] INFO  o.e.m.i.launch.MavenLaunchDelegate - /Users/ricardomatacrisostomo/Documents/BarajasClub/BarajasClub
2025-10-10 01:19:45,140 [Worker-301: Launching BarajasClub] INFO  o.e.m.i.launch.MavenLaunchDelegate -  mvn -B clean install
2025-10-10 01:21:09,418 [Worker-288: Launching BarajasClub (1)] INFO  o.e.m.c.i.embedder.EclipseLogger - Using 'UTF-8' encoding to copy filtered resources.
2025-10-10 01:21:09,420 [Worker-288: Launching BarajasClub (1)] INFO  o.e.m.c.i.embedder.EclipseLogger - Using 'UTF-8' encoding to copy filtered properties files.
2025-10-10 01:21:09,423 [Worker-288: Launching BarajasClub (1)] INFO  o.e.m.c.i.embedder.EclipseLogger - Copying 1 resource
2025-10-10 01:21:10,751 [Worker-288: Launching BarajasClub (1)] INFO  o.e.m.c.i.embedder.EclipseLogger - Copying 13 resources
2025-10-10 01:21:10,768 [Worker-288: Launching BarajasClub (1)] INFO  o.e.m.c.i.embedder.EclipseLogger - Using 'UTF-8' encoding to copy filtered resources.
2025-10-10 01:21:10,769 [Worker-288: Launching BarajasClub (1)] INFO  o.e.m.c.i.embedder.EclipseLogger - Using 'UTF-8' encoding to copy filtered properties files.
2025-10-10 01:21:10,769 [Worker-288: Launching BarajasClub (1)] INFO  o.e.m.c.i.embedder.EclipseLogger - skip non existing resourceDirectory /Users/ricardomatacrisostomo/Documents/BarajasClub/BarajasClub/src/test/resources
2025-10-13 22:47:45,578 [Worker-504: Building Workspace] INFO  o.e.m.c.i.embedder.EclipseLogger - Using 'UTF-8' encoding to copy filtered resources.
2025-10-13 22:47:45,581 [Worker-504: Building Workspace] INFO  o.e.m.c.i.embedder.EclipseLogger - Using 'UTF-8' encoding to copy filtered properties files.
2025-10-13 22:47:45,584 [Worker-504: Building Workspace] INFO  o.e.m.c.i.embedder.EclipseLogger - Copying 1 resource
2025-10-13 22:47:45,597 [Worker-504: Building Workspace] INFO  o.e.m.c.i.embedder.EclipseLogger - Copying 13 resources
2025-10-13 22:47:45,781 [Worker-504: Building Workspace] INFO  o.e.m.c.i.embedder.EclipseLogger - Using 'UTF-8' encoding to copy filtered resources.
2025-10-13 22:47:45,781 [Worker-504: Building Workspace] INFO  o.e.m.c.i.embedder.EclipseLogger - Using 'UTF-8' encoding to copy filtered properties files.
2025-10-13 22:47:45,781 [Worker-504: Building Workspace] INFO  o.e.m.c.i.embedder.EclipseLogger - Copying 0 resource
2025-10-13 22:48:50,729 [Worker-500: Building Workspace] INFO  o.e.m.c.i.embedder.EclipseLogger - Using 'UTF-8' encoding to copy filtered resources.
2025-10-13 22:48:50,731 [Worker-500: Building Workspace] INFO  o.e.m.c.i.embedder.EclipseLogger - Using 'UTF-8' encoding to copy filtered properties files.
2025-10-13 22:48:50,733 [Worker-500: Building Workspace] INFO  o.e.m.c.i.embedder.EclipseLogger - Copying 1 resource
2025-10-13 22:48:51,042 [Worker-500: Building Workspace] INFO  o.e.m.c.i.embedder.EclipseLogger - Copying 13 resources
2025-10-13 22:48:51,046 [Worker-500: Building Workspace] INFO  o.e.m.c.i.embedder.EclipseLogger - Using 'UTF-8' encoding to copy filtered resources.
2025-10-13 22:48:51,046 [Worker-500: Building Workspace] INFO  o.e.m.c.i.embedder.EclipseLogger - Using 'UTF-8' encoding to copy filtered properties files.
2025-10-13 22:48:51,046 [Worker-500: Building Workspace] INFO  o.e.m.c.i.embedder.EclipseLogger - Copying 0 resource
2025-10-13 22:48:58,487 [Worker-507: Cleaning all projects] INFO  o.e.m.w.i.f.ResourceFilteringBuildParticipant - Cleaning filtered folder for BarajasClub
2025-10-13 22:48:59,557 [Worker-308: Building Workspace] INFO  o.e.m.c.i.embedder.EclipseLogger - Using 'UTF-8' encoding to copy filtered resources.
2025-10-13 22:48:59,557 [Worker-308: Building Workspace] INFO  o.e.m.c.i.embedder.EclipseLogger - Using 'UTF-8' encoding to copy filtered properties files.
2025-10-13 22:48:59,558 [Worker-308: Building Workspace] INFO  o.e.m.c.i.embedder.EclipseLogger - Copying 1 resource
2025-10-13 22:48:59,560 [Worker-308: Building Workspace] INFO  o.e.m.c.i.embedder.EclipseLogger - Copying 13 resources
2025-10-13 22:48:59,675 [Worker-308: Building Workspace] INFO  o.e.m.c.i.embedder.EclipseLogger - Using 'UTF-8' encoding to copy filtered resources.
2025-10-13 22:48:59,675 [Worker-308: Building Workspace] INFO  o.e.m.c.i.embedder.EclipseLogger - Using 'UTF-8' encoding to copy filtered properties files.
2025-10-13 22:48:59,675 [Worker-308: Building Workspace] INFO  o.e.m.c.i.embedder.EclipseLogger - Copying 0 resource
2025-10-13 22:48:59,676 [Worker-308: Building Workspace] INFO  o.e.m.w.i.f.ResourceFilteringBuildParticipant - Changed resources require a complete clean of filtered resources of BarajasClub
2025-10-13 22:48:59,676 [Worker-308: Building Workspace] INFO  o.e.m.w.i.f.ResourceFilteringBuildParticipant - Executing resource filtering for BarajasClub
2025-10-13 22:48:59,683 [Worker-308: Building Workspace] INFO  o.e.m.c.i.embedder.EclipseLogger - Using 'UTF-8' encoding to copy filtered resources.
2025-10-13 22:48:59,684 [Worker-308: Building Workspace] INFO  o.e.m.c.i.embedder.EclipseLogger - Using 'UTF-8' encoding to copy filtered properties files.
2025-10-13 22:59:59,813 [Worker-505: Launching BarajasClub (1)] INFO  o.e.m.c.i.embedder.EclipseLogger - Using 'UTF-8' encoding to copy filtered resources.
2025-10-13 22:59:59,814 [Worker-505: Launching BarajasClub (1)] INFO  o.e.m.c.i.embedder.EclipseLogger - Using 'UTF-8' encoding to copy filtered properties files.
2025-10-13 22:59:59,816 [Worker-505: Launching BarajasClub (1)] INFO  o.e.m.c.i.embedder.EclipseLogger - Copying 1 resource
2025-10-13 22:59:59,945 [Worker-505: Launching BarajasClub (1)] INFO  o.e.m.c.i.embedder.EclipseLogger - Copying 13 resources
2025-10-13 22:59:59,949 [Worker-505: Launching BarajasClub (1)] INFO  o.e.m.c.i.embedder.EclipseLogger - Using 'UTF-8' encoding to copy filtered resources.
2025-10-13 22:59:59,950 [Worker-505: Launching BarajasClub (1)] INFO  o.e.m.c.i.embedder.EclipseLogger - Using 'UTF-8' encoding to copy filtered properties files.
2025-10-13 22:59:59,950 [Worker-505: Launching BarajasClub (1)] INFO  o.e.m.c.i.embedder.EclipseLogger - Copying 0 resource
2025-10-13 23:03:04,559 [Worker-512: Launching BarajasClub (1)] INFO  o.e.m.c.i.embedder.EclipseLogger - Using 'UTF-8' encoding to copy filtered resources.
2025-10-13 23:03:04,560 [Worker-512: Launching BarajasClub (1)] INFO  o.e.m.c.i.embedder.EclipseLogger - Using 'UTF-8' encoding to copy filtered properties files.
2025-10-13 23:03:04,563 [Worker-512: Launching BarajasClub (1)] INFO  o.e.m.c.i.embedder.EclipseLogger - Copying 1 resource
2025-10-13 23:03:04,628 [Worker-512: Launching BarajasClub (1)] INFO  o.e.m.c.i.embedder.EclipseLogger - Copying 13 resources
2025-10-13 23:03:04,632 [Worker-512: Launching BarajasClub (1)] INFO  o.e.m.c.i.embedder.EclipseLogger - Using 'UTF-8' encoding to copy filtered resources.
2025-10-13 23:03:04,632 [Worker-512: Launching BarajasClub (1)] INFO  o.e.m.c.i.embedder.EclipseLogger - Using 'UTF-8' encoding to copy filtered properties files.
2025-10-13 23:03:04,632 [Worker-512: Launching BarajasClub (1)] INFO  o.e.m.c.i.embedder.EclipseLogger - Copying 0 resource
2025-10-14 09:01:40,933 [Worker-2: Loading available Gradle versions] INFO  o.e.b.c.i.u.g.PublishedGradleVersions - Gradle version information cache is out-of-date. Trying to update.
2025-10-14 22:50:50,390 [Worker-33: Launching BarajasClub (1)] INFO  o.e.m.c.i.embedder.EclipseLogger - Using 'UTF-8' encoding to copy filtered resources.
2025-10-14 22:50:50,397 [Worker-33: Launching BarajasClub (1)] INFO  o.e.m.c.i.embedder.EclipseLogger - Using 'UTF-8' encoding to copy filtered properties files.
2025-10-14 22:50:50,403 [Worker-33: Launching BarajasClub (1)] INFO  o.e.m.c.i.embedder.EclipseLogger - Copying 1 resource
2025-10-14 22:50:50,522 [Worker-33: Launching BarajasClub (1)] INFO  o.e.m.c.i.embedder.EclipseLogger - Copying 13 resources
2025-10-14 22:50:50,532 [Worker-33: Launching BarajasClub (1)] INFO  o.e.m.c.i.embedder.EclipseLogger - Using 'UTF-8' encoding to copy filtered resources.
2025-10-14 22:50:50,533 [Worker-33: Launching BarajasClub (1)] INFO  o.e.m.c.i.embedder.EclipseLogger - Using 'UTF-8' encoding to copy filtered properties files.
2025-10-14 22:50:50,533 [Worker-33: Launching BarajasClub (1)] INFO  o.e.m.c.i.embedder.EclipseLogger - Copying 0 resource
2025-10-14 22:53:56,466 [Worker-36: Launching BarajasClub (1)] INFO  o.e.m.c.i.embedder.EclipseLogger - Using 'UTF-8' encoding to copy filtered resources.
2025-10-14 22:53:56,466 [Worker-36: Launching BarajasClub (1)] INFO  o.e.m.c.i.embedder.EclipseLogger - Using 'UTF-8' encoding to copy filtered properties files.
2025-10-14 22:53:56,472 [Worker-36: Launching BarajasClub (1)] INFO  o.e.m.c.i.embedder.EclipseLogger - Copying 1 resource
2025-10-14 22:53:56,492 [Worker-36: Launching BarajasClub (1)] INFO  o.e.m.c.i.embedder.EclipseLogger - Copying 13 resources
2025-10-14 22:53:56,497 [Worker-36: Launching BarajasClub (1)] INFO  o.e.m.c.i.embedder.EclipseLogger - Using 'UTF-8' encoding to copy filtered resources.
2025-10-14 22:53:56,497 [Worker-36: Launching BarajasClub (1)] INFO  o.e.m.c.i.embedder.EclipseLogger - Using 'UTF-8' encoding to copy filtered properties files.
2025-10-14 22:53:56,497 [Worker-36: Launching BarajasClub (1)] INFO  o.e.m.c.i.embedder.EclipseLogger - Copying 0 resource
2025-10-20 22:21:01,652 [Worker-82: Launching Executing clean in _Users_ricardomatacrisostomo_Documents_BarajasClub_BarajasClub] INFO  o.e.m.i.launch.MavenLaunchDelegate - /Users/ricardomatacrisostomo/Documents/BarajasClub/BarajasClub
2025-10-20 22:21:01,664 [Worker-82: Launching Executing clean in _Users_ricardomatacrisostomo_Documents_BarajasClub_BarajasClub] INFO  o.e.m.i.launch.MavenLaunchDelegate -  mvn -B clean
2025-10-20 22:22:08,268 [Worker-83: Updating Maven Project] INFO  o.e.m.c.i.p.ProjectConfigurationManager - Update started
2025-10-20 22:22:10,102 [Worker-83: Updating Maven Project] INFO  o.e.m.c.i.l.LifecycleMappingFactory - Using org.maven.ide.eclipse.wtp.WarLifecycleMapping lifecycle mapping for MavenProject: com.mx:barajas-club-springboot-demo:0.0.1-SNAPSHOT @ /Users/ricardomatacrisostomo/Documents/BarajasClub/BarajasClub/pom.xml.
2025-10-20 22:22:14,018 [Worker-83: Updating Maven Project] INFO  o.e.m.j.i.AbstractJavaProjectConfigurator - Adding source folder /BarajasClub/src/main/java
2025-10-20 22:22:14,026 [Worker-83: Updating Maven Project] INFO  o.e.m.j.i.AbstractJavaProjectConfigurator - Adding resource folder /BarajasClub/src/main/resources
2025-10-20 22:22:14,026 [Worker-83: Updating Maven Project] INFO  o.e.m.j.i.AbstractJavaProjectConfigurator - Adding resource folder /BarajasClub/src/main/resources
2025-10-20 22:22:14,040 [Worker-83: Updating Maven Project] INFO  o.e.m.j.i.AbstractJavaProjectConfigurator - Adding source folder /BarajasClub/src/test/java
2025-10-20 22:22:14,040 [Worker-83: Updating Maven Project] INFO  o.e.m.j.i.AbstractJavaProjectConfigurator - Adding resource folder /BarajasClub/src/test/resources
2025-10-20 22:22:16,570 [Worker-82: Download sources and javadoc] INFO  o.e.m.c.i.e.AbstractTransferListenerAdapter - Downloading https://repo.maven.apache.org/maven2/org/springframework/boot/spring-boot-starter-webflux/2.7.18/spring-boot-starter-webflux-2.7.18-sources.jar
2025-10-20 22:22:16,738 [Worker-82: Download sources and javadoc] INFO  o.e.m.c.i.e.AbstractTransferListenerAdapter - Downloaded https://repo.maven.apache.org/maven2/org/springframework/boot/spring-boot-starter-webflux/2.7.18/spring-boot-starter-webflux-2.7.18-sources.jar
2025-10-20 22:22:16,971 [Worker-83: Updating Maven Project] INFO  o.e.m.w.i.f.ResourceFilteringBuildParticipant - Cleaning filtered folder for BarajasClub
2025-10-20 22:22:17,015 [Worker-83: Updating Maven Project] INFO  o.e.m.c.i.p.ProjectConfigurationManager - Update completed: 8 sec
2025-10-20 22:22:17,060 [Worker-82: Download sources and javadoc] INFO  o.e.m.j.internal.DownloadSourcesJob - Downloaded sources for org.springframework.boot:spring-boot-starter-webflux:2.7.18
2025-10-20 22:22:17,203 [Worker-84: Building Project BarajasClub] INFO  o.e.m.c.i.embedder.EclipseLogger - Using 'UTF-8' encoding to copy filtered resources.
2025-10-20 22:22:17,203 [Worker-84: Building Project BarajasClub] INFO  o.e.m.c.i.embedder.EclipseLogger - Using 'UTF-8' encoding to copy filtered properties files.
2025-10-20 22:22:17,204 [Worker-84: Building Project BarajasClub] INFO  o.e.m.c.i.embedder.EclipseLogger - Copying 1 resource
2025-10-20 22:22:17,239 [Worker-84: Building Project BarajasClub] INFO  o.e.m.c.i.embedder.EclipseLogger - Copying 13 resources
2025-10-20 22:22:17,298 [Worker-84: Building Project BarajasClub] INFO  o.e.m.c.i.embedder.EclipseLogger - Using 'UTF-8' encoding to copy filtered resources.
2025-10-20 22:22:17,298 [Worker-84: Building Project BarajasClub] INFO  o.e.m.c.i.embedder.EclipseLogger - Using 'UTF-8' encoding to copy filtered properties files.
2025-10-20 22:22:17,298 [Worker-84: Building Project BarajasClub] INFO  o.e.m.c.i.embedder.EclipseLogger - Copying 0 resource
2025-10-20 22:22:17,299 [Worker-84: Building Project BarajasClub] INFO  o.e.m.w.i.f.ResourceFilteringBuildParticipant - Changed resources require a complete clean of filtered resources of BarajasClub
2025-10-20 22:22:17,301 [Worker-84: Building Project BarajasClub] INFO  o.e.m.w.i.f.ResourceFilteringBuildParticipant - Executing resource filtering for BarajasClub
2025-10-20 22:22:17,307 [Worker-84: Building Project BarajasClub] INFO  o.e.m.c.i.embedder.EclipseLogger - Using 'UTF-8' encoding to copy filtered resources.
2025-10-20 22:22:17,307 [Worker-84: Building Project BarajasClub] INFO  o.e.m.c.i.embedder.EclipseLogger - Using 'UTF-8' encoding to copy filtered properties files.
2025-10-20 22:22:17,473 [Worker-82: Download sources and javadoc] INFO  o.e.m.c.i.e.AbstractTransferListenerAdapter - Downloading https://repo.maven.apache.org/maven2/org/springframework/boot/spring-boot-starter-reactor-netty/2.7.18/spring-boot-starter-reactor-netty-2.7.18-sources.jar
2025-10-20 22:22:17,633 [Worker-82: Download sources and javadoc] INFO  o.e.m.c.i.e.AbstractTransferListenerAdapter - Downloaded https://repo.maven.apache.org/maven2/org/springframework/boot/spring-boot-starter-reactor-netty/2.7.18/spring-boot-starter-reactor-netty-2.7.18-sources.jar
2025-10-20 22:22:17,694 [Worker-82: Download sources and javadoc] INFO  o.e.m.j.internal.DownloadSourcesJob - Downloaded sources for org.springframework.boot:spring-boot-starter-reactor-netty:2.7.18
2025-10-20 22:22:17,993 [Worker-82: Download sources and javadoc] INFO  o.e.m.c.i.e.AbstractTransferListenerAdapter - Downloading https://repo.maven.apache.org/maven2/io/projectreactor/netty/reactor-netty-http/1.0.39/reactor-netty-http-1.0.39-sources.jar
2025-10-20 22:22:18,275 [Worker-82: Download sources and javadoc] INFO  o.e.m.c.i.e.AbstractTransferListenerAdapter - Downloaded https://repo.maven.apache.org/maven2/io/projectreactor/netty/reactor-netty-http/1.0.39/reactor-netty-http-1.0.39-sources.jar
2025-10-20 22:22:18,401 [Worker-82: Download sources and javadoc] INFO  o.e.m.j.internal.DownloadSourcesJob - Downloaded sources for io.projectreactor.netty:reactor-netty-http:1.0.39
2025-10-20 22:22:18,767 [Worker-82: Download sources and javadoc] INFO  o.e.m.c.i.e.AbstractTransferListenerAdapter - Downloading https://repo.maven.apache.org/maven2/io/netty/netty-codec-http/4.1.101.Final/netty-codec-http-4.1.101.Final-sources.jar
2025-10-20 22:22:18,965 [Worker-82: Download sources and javadoc] INFO  o.e.m.c.i.e.AbstractTransferListenerAdapter - Downloaded https://repo.maven.apache.org/maven2/io/netty/netty-codec-http/4.1.101.Final/netty-codec-http-4.1.101.Final-sources.jar
2025-10-20 22:22:19,289 [Worker-82: Download sources and javadoc] INFO  o.e.m.j.internal.DownloadSourcesJob - Downloaded sources for io.netty:netty-codec-http:4.1.101.Final
2025-10-20 22:22:19,446 [Worker-82: Download sources and javadoc] INFO  o.e.m.c.i.e.AbstractTransferListenerAdapter - Downloading https://repo.maven.apache.org/maven2/io/netty/netty-common/4.1.101.Final/netty-common-4.1.101.Final-sources.jar
2025-10-20 22:22:19,804 [Worker-82: Download sources and javadoc] INFO  o.e.m.c.i.e.AbstractTransferListenerAdapter - Downloaded https://repo.maven.apache.org/maven2/io/netty/netty-common/4.1.101.Final/netty-common-4.1.101.Final-sources.jar
2025-10-20 22:22:19,861 [Worker-82: Download sources and javadoc] INFO  o.e.m.j.internal.DownloadSourcesJob - Downloaded sources for io.netty:netty-common:4.1.101.Final
2025-10-20 22:22:20,184 [Worker-82: Download sources and javadoc] INFO  o.e.m.c.i.e.AbstractTransferListenerAdapter - Downloading https://repo.maven.apache.org/maven2/io/netty/netty-buffer/4.1.101.Final/netty-buffer-4.1.101.Final-sources.jar
2025-10-20 22:22:20,335 [Worker-82: Download sources and javadoc] INFO  o.e.m.c.i.e.AbstractTransferListenerAdapter - Downloaded https://repo.maven.apache.org/maven2/io/netty/netty-buffer/4.1.101.Final/netty-buffer-4.1.101.Final-sources.jar
2025-10-20 22:22:20,379 [Worker-82: Download sources and javadoc] INFO  o.e.m.j.internal.DownloadSourcesJob - Downloaded sources for io.netty:netty-buffer:4.1.101.Final
2025-10-20 22:22:20,630 [Worker-82: Download sources and javadoc] INFO  o.e.m.c.i.e.AbstractTransferListenerAdapter - Downloading https://repo.maven.apache.org/maven2/io/netty/netty-transport/4.1.101.Final/netty-transport-4.1.101.Final-sources.jar
2025-10-20 22:22:20,801 [Worker-82: Download sources and javadoc] INFO  o.e.m.c.i.e.AbstractTransferListenerAdapter - Downloaded https://repo.maven.apache.org/maven2/io/netty/netty-transport/4.1.101.Final/netty-transport-4.1.101.Final-sources.jar
2025-10-20 22:22:21,040 [Worker-82: Download sources and javadoc] INFO  o.e.m.j.internal.DownloadSourcesJob - Downloaded sources for io.netty:netty-transport:4.1.101.Final
2025-10-20 22:22:21,267 [Worker-82: Download sources and javadoc] INFO  o.e.m.c.i.e.AbstractTransferListenerAdapter - Downloading https://repo.maven.apache.org/maven2/io/netty/netty-codec/4.1.101.Final/netty-codec-4.1.101.Final-sources.jar
2025-10-20 22:22:21,407 [Worker-82: Download sources and javadoc] INFO  o.e.m.c.i.e.AbstractTransferListenerAdapter - Downloaded https://repo.maven.apache.org/maven2/io/netty/netty-codec/4.1.101.Final/netty-codec-4.1.101.Final-sources.jar
2025-10-20 22:22:21,441 [Worker-82: Download sources and javadoc] INFO  o.e.m.j.internal.DownloadSourcesJob - Downloaded sources for io.netty:netty-codec:4.1.101.Final
2025-10-20 22:22:21,641 [Worker-82: Download sources and javadoc] INFO  o.e.m.c.i.e.AbstractTransferListenerAdapter - Downloading https://repo.maven.apache.org/maven2/io/netty/netty-handler/4.1.101.Final/netty-handler-4.1.101.Final-sources.jar
2025-10-20 22:22:21,761 [Worker-82: Download sources and javadoc] INFO  o.e.m.c.i.e.AbstractTransferListenerAdapter - Downloaded https://repo.maven.apache.org/maven2/io/netty/netty-handler/4.1.101.Final/netty-handler-4.1.101.Final-sources.jar
2025-10-20 22:22:21,799 [Worker-82: Download sources and javadoc] INFO  o.e.m.j.internal.DownloadSourcesJob - Downloaded sources for io.netty:netty-handler:4.1.101.Final
2025-10-20 22:22:22,206 [Worker-82: Download sources and javadoc] INFO  o.e.m.c.i.e.AbstractTransferListenerAdapter - Downloading https://repo.maven.apache.org/maven2/io/netty/netty-codec-http2/4.1.101.Final/netty-codec-http2-4.1.101.Final-sources.jar
2025-10-20 22:22:22,542 [Worker-82: Download sources and javadoc] INFO  o.e.m.c.i.e.AbstractTransferListenerAdapter - Downloaded https://repo.maven.apache.org/maven2/io/netty/netty-codec-http2/4.1.101.Final/netty-codec-http2-4.1.101.Final-sources.jar
2025-10-20 22:22:22,584 [Worker-82: Download sources and javadoc] INFO  o.e.m.j.internal.DownloadSourcesJob - Downloaded sources for io.netty:netty-codec-http2:4.1.101.Final
2025-10-20 22:22:22,711 [Worker-82: Download sources and javadoc] INFO  o.e.m.c.i.e.AbstractTransferListenerAdapter - Downloading https://repo.maven.apache.org/maven2/io/netty/netty-resolver-dns/4.1.101.Final/netty-resolver-dns-4.1.101.Final-sources.jar
2025-10-20 22:22:22,884 [Worker-82: Download sources and javadoc] INFO  o.e.m.c.i.e.AbstractTransferListenerAdapter - Downloaded https://repo.maven.apache.org/maven2/io/netty/netty-resolver-dns/4.1.101.Final/netty-resolver-dns-4.1.101.Final-sources.jar
2025-10-20 22:22:22,921 [Worker-82: Download sources and javadoc] INFO  o.e.m.j.internal.DownloadSourcesJob - Downloaded sources for io.netty:netty-resolver-dns:4.1.101.Final
2025-10-20 22:22:23,236 [Worker-82: Download sources and javadoc] INFO  o.e.m.c.i.e.AbstractTransferListenerAdapter - Downloading https://repo.maven.apache.org/maven2/io/netty/netty-resolver/4.1.101.Final/netty-resolver-4.1.101.Final-sources.jar
2025-10-20 22:22:23,345 [Worker-82: Download sources and javadoc] INFO  o.e.m.c.i.e.AbstractTransferListenerAdapter - Downloaded https://repo.maven.apache.org/maven2/io/netty/netty-resolver/4.1.101.Final/netty-resolver-4.1.101.Final-sources.jar
2025-10-20 22:22:23,558 [Worker-82: Download sources and javadoc] INFO  o.e.m.j.internal.DownloadSourcesJob - Downloaded sources for io.netty:netty-resolver:4.1.101.Final
2025-10-20 22:22:23,694 [Worker-82: Download sources and javadoc] INFO  o.e.m.c.i.e.AbstractTransferListenerAdapter - Downloading https://repo.maven.apache.org/maven2/io/netty/netty-codec-dns/4.1.101.Final/netty-codec-dns-4.1.101.Final-sources.jar
2025-10-20 22:22:23,803 [Worker-82: Download sources and javadoc] INFO  o.e.m.c.i.e.AbstractTransferListenerAdapter - Downloaded https://repo.maven.apache.org/maven2/io/netty/netty-codec-dns/4.1.101.Final/netty-codec-dns-4.1.101.Final-sources.jar
2025-10-20 22:22:23,843 [Worker-82: Download sources and javadoc] INFO  o.e.m.j.internal.DownloadSourcesJob - Downloaded sources for io.netty:netty-codec-dns:4.1.101.Final
2025-10-20 22:22:24,246 [Worker-82: Download sources and javadoc] INFO  o.e.m.c.i.e.AbstractTransferListenerAdapter - Downloaded https://repo.maven.apache.org/maven2/io/netty/netty-resolver-dns-native-macos/4.1.101.Final/netty-resolver-dns-native-macos-4.1.101.Final-sources.jar
2025-10-20 22:22:24,258 [Worker-82: Download sources and javadoc] ERROR o.e.m.j.internal.DownloadSourcesJob - Could not download sources for io.netty:netty-resolver-dns-native-macos:4.1.101.Final:osx-x86_64
org.eclipse.core.runtime.CoreException: Could not resolve artifact io.netty:netty-resolver-dns-native-macos:jar:sources:4.1.101.Final
	at org.eclipse.m2e.core.internal.embedder.MavenImpl.lambda$4(MavenImpl.java:804)
	at org.eclipse.m2e.core.internal.embedder.MavenExecutionContext.executeBare(MavenExecutionContext.java:179)
	at org.eclipse.m2e.core.internal.embedder.MavenExecutionContext.execute(MavenExecutionContext.java:114)
	at org.eclipse.m2e.core.internal.embedder.MavenExecutionContext.execute(MavenExecutionContext.java:101)
	at org.eclipse.m2e.core.internal.embedder.MavenImpl.resolve(MavenImpl.java:772)
	at org.eclipse.m2e.core.internal.embedder.MavenImpl.resolve(MavenImpl.java:749)
	at org.eclipse.m2e.jdt.internal.DownloadSourcesJob.download(DownloadSourcesJob.java:330)
	at org.eclipse.m2e.jdt.internal.DownloadSourcesJob.downloadAttachments(DownloadSourcesJob.java:304)
	at org.eclipse.m2e.jdt.internal.DownloadSourcesJob.downloadMaven(DownloadSourcesJob.java:269)
	at org.eclipse.m2e.jdt.internal.DownloadSourcesJob.downloadFilesAndPopulateToUpdate(DownloadSourcesJob.java:233)
	at org.eclipse.m2e.jdt.internal.DownloadSourcesJob.lambda$0(DownloadSourcesJob.java:161)
	at org.eclipse.m2e.core.internal.embedder.MavenExecutionContext.executeBare(MavenExecutionContext.java:179)
	at org.eclipse.m2e.core.internal.embedder.MavenExecutionContext.execute(MavenExecutionContext.java:153)
	at org.eclipse.m2e.core.internal.embedder.MavenExecutionContext.execute(MavenExecutionContext.java:101)
	at org.eclipse.m2e.core.internal.embedder.MavenImpl.execute(MavenImpl.java:1374)
	at org.eclipse.m2e.jdt.internal.DownloadSourcesJob.run(DownloadSourcesJob.java:161)
	at org.eclipse.core.internal.jobs.Worker.run(Worker.java:63)
2025-10-20 22:22:24,578 [Worker-82: Download sources and javadoc] INFO  o.e.m.c.i.e.AbstractTransferListenerAdapter - Downloading https://repo.maven.apache.org/maven2/io/netty/netty-resolver-dns-classes-macos/4.1.101.Final/netty-resolver-dns-classes-macos-4.1.101.Final-sources.jar
2025-10-20 22:22:24,714 [Worker-82: Download sources and javadoc] INFO  o.e.m.c.i.e.AbstractTransferListenerAdapter - Downloaded https://repo.maven.apache.org/maven2/io/netty/netty-resolver-dns-classes-macos/4.1.101.Final/netty-resolver-dns-classes-macos-4.1.101.Final-sources.jar
2025-10-20 22:22:24,756 [Worker-82: Download sources and javadoc] INFO  o.e.m.j.internal.DownloadSourcesJob - Downloaded sources for io.netty:netty-resolver-dns-classes-macos:4.1.101.Final
2025-10-20 22:22:25,139 [Worker-82: Download sources and javadoc] INFO  o.e.m.c.i.e.AbstractTransferListenerAdapter - Downloading https://repo.maven.apache.org/maven2/io/netty/netty-transport-native-epoll/4.1.101.Final/netty-transport-native-epoll-4.1.101.Final-sources.jar
2025-10-20 22:22:25,291 [Worker-82: Download sources and javadoc] INFO  o.e.m.c.i.e.AbstractTransferListenerAdapter - Downloaded https://repo.maven.apache.org/maven2/io/netty/netty-transport-native-epoll/4.1.101.Final/netty-transport-native-epoll-4.1.101.Final-sources.jar
2025-10-20 22:22:25,336 [Worker-82: Download sources and javadoc] INFO  o.e.m.j.internal.DownloadSourcesJob - Downloaded sources for io.netty:netty-transport-native-epoll:4.1.101.Final:linux-x86_64
2025-10-20 22:22:25,698 [Worker-82: Download sources and javadoc] INFO  o.e.m.c.i.e.AbstractTransferListenerAdapter - Downloading https://repo.maven.apache.org/maven2/io/netty/netty-transport-native-unix-common/4.1.101.Final/netty-transport-native-unix-common-4.1.101.Final-sources.jar
2025-10-20 22:22:25,819 [Worker-82: Download sources and javadoc] INFO  o.e.m.c.i.e.AbstractTransferListenerAdapter - Downloaded https://repo.maven.apache.org/maven2/io/netty/netty-transport-native-unix-common/4.1.101.Final/netty-transport-native-unix-common-4.1.101.Final-sources.jar
2025-10-20 22:22:25,897 [Worker-82: Download sources and javadoc] INFO  o.e.m.j.internal.DownloadSourcesJob - Downloaded sources for io.netty:netty-transport-native-unix-common:4.1.101.Final
2025-10-20 22:22:26,347 [Worker-82: Download sources and javadoc] INFO  o.e.m.c.i.e.AbstractTransferListenerAdapter - Downloading https://repo.maven.apache.org/maven2/io/netty/netty-transport-classes-epoll/4.1.101.Final/netty-transport-classes-epoll-4.1.101.Final-sources.jar
2025-10-20 22:22:26,498 [Worker-82: Download sources and javadoc] INFO  o.e.m.c.i.e.AbstractTransferListenerAdapter - Downloaded https://repo.maven.apache.org/maven2/io/netty/netty-transport-classes-epoll/4.1.101.Final/netty-transport-classes-epoll-4.1.101.Final-sources.jar
2025-10-20 22:22:26,532 [Worker-82: Download sources and javadoc] INFO  o.e.m.j.internal.DownloadSourcesJob - Downloaded sources for io.netty:netty-transport-classes-epoll:4.1.101.Final
2025-10-20 22:22:26,701 [Worker-82: Download sources and javadoc] INFO  o.e.m.c.i.e.AbstractTransferListenerAdapter - Downloading https://repo.maven.apache.org/maven2/io/projectreactor/netty/reactor-netty-core/1.0.39/reactor-netty-core-1.0.39-sources.jar
2025-10-20 22:22:26,961 [Worker-82: Download sources and javadoc] INFO  o.e.m.c.i.e.AbstractTransferListenerAdapter - Downloaded https://repo.maven.apache.org/maven2/io/projectreactor/netty/reactor-netty-core/1.0.39/reactor-netty-core-1.0.39-sources.jar
2025-10-20 22:22:27,001 [Worker-82: Download sources and javadoc] INFO  o.e.m.j.internal.DownloadSourcesJob - Downloaded sources for io.projectreactor.netty:reactor-netty-core:1.0.39
2025-10-20 22:22:27,243 [Worker-82: Download sources and javadoc] INFO  o.e.m.c.i.e.AbstractTransferListenerAdapter - Downloading https://repo.maven.apache.org/maven2/io/netty/netty-handler-proxy/4.1.101.Final/netty-handler-proxy-4.1.101.Final-sources.jar
2025-10-20 22:22:27,332 [Worker-82: Download sources and javadoc] INFO  o.e.m.c.i.e.AbstractTransferListenerAdapter - Downloaded https://repo.maven.apache.org/maven2/io/netty/netty-handler-proxy/4.1.101.Final/netty-handler-proxy-4.1.101.Final-sources.jar
2025-10-20 22:22:27,410 [Worker-82: Download sources and javadoc] INFO  o.e.m.j.internal.DownloadSourcesJob - Downloaded sources for io.netty:netty-handler-proxy:4.1.101.Final
2025-10-20 22:22:27,670 [Worker-82: Download sources and javadoc] INFO  o.e.m.c.i.e.AbstractTransferListenerAdapter - Downloading https://repo.maven.apache.org/maven2/io/netty/netty-codec-socks/4.1.101.Final/netty-codec-socks-4.1.101.Final-sources.jar
2025-10-20 22:22:27,884 [Worker-82: Download sources and javadoc] INFO  o.e.m.c.i.e.AbstractTransferListenerAdapter - Downloaded https://repo.maven.apache.org/maven2/io/netty/netty-codec-socks/4.1.101.Final/netty-codec-socks-4.1.101.Final-sources.jar
2025-10-20 22:22:28,082 [Worker-82: Download sources and javadoc] INFO  o.e.m.j.internal.DownloadSourcesJob - Downloaded sources for io.netty:netty-codec-socks:4.1.101.Final
2025-10-20 22:22:28,361 [Worker-82: Download sources and javadoc] INFO  o.e.m.c.i.e.AbstractTransferListenerAdapter - Downloading https://repo.maven.apache.org/maven2/org/springframework/spring-webflux/5.3.31/spring-webflux-5.3.31-sources.jar
2025-10-20 22:22:28,705 [Worker-82: Download sources and javadoc] INFO  o.e.m.c.i.e.AbstractTransferListenerAdapter - Downloaded https://repo.maven.apache.org/maven2/org/springframework/spring-webflux/5.3.31/spring-webflux-5.3.31-sources.jar
2025-10-20 22:22:28,771 [Worker-82: Download sources and javadoc] INFO  o.e.m.j.internal.DownloadSourcesJob - Downloaded sources for org.springframework:spring-webflux:5.3.31
2025-10-20 22:22:29,057 [Worker-82: Download sources and javadoc] INFO  o.e.m.c.i.e.AbstractTransferListenerAdapter - Downloading https://repo.maven.apache.org/maven2/io/projectreactor/reactor-core/3.4.34/reactor-core-3.4.34-sources.jar
2025-10-20 22:22:29,408 [Worker-82: Download sources and javadoc] INFO  o.e.m.c.i.e.AbstractTransferListenerAdapter - Downloaded https://repo.maven.apache.org/maven2/io/projectreactor/reactor-core/3.4.34/reactor-core-3.4.34-sources.jar
2025-10-20 22:22:29,572 [Worker-82: Download sources and javadoc] INFO  o.e.m.j.internal.DownloadSourcesJob - Downloaded sources for io.projectreactor:reactor-core:3.4.34
2025-10-20 22:22:29,582 [Worker-82: Download sources and javadoc] INFO  o.e.m.j.internal.DownloadSourcesJob - Downloaded sources for org.springframework.boot:spring-boot-starter-webflux:2.7.18
2025-10-20 22:22:29,587 [Worker-82: Download sources and javadoc] INFO  o.e.m.j.internal.DownloadSourcesJob - Downloaded sources for org.springframework.boot:spring-boot-starter-reactor-netty:2.7.18
2025-10-20 22:22:29,593 [Worker-82: Download sources and javadoc] INFO  o.e.m.j.internal.DownloadSourcesJob - Downloaded sources for io.projectreactor.netty:reactor-netty-http:1.0.39
2025-10-20 22:22:29,600 [Worker-82: Download sources and javadoc] INFO  o.e.m.j.internal.DownloadSourcesJob - Downloaded sources for io.netty:netty-codec-http:4.1.101.Final
2025-10-20 22:22:29,623 [Worker-82: Download sources and javadoc] INFO  o.e.m.j.internal.DownloadSourcesJob - Downloaded sources for io.netty:netty-common:4.1.101.Final
2025-10-20 22:22:29,647 [Worker-82: Download sources and javadoc] INFO  o.e.m.j.internal.DownloadSourcesJob - Downloaded sources for io.netty:netty-buffer:4.1.101.Final
2025-10-20 22:22:29,653 [Worker-82: Download sources and javadoc] INFO  o.e.m.j.internal.DownloadSourcesJob - Downloaded sources for io.netty:netty-transport:4.1.101.Final
2025-10-20 22:22:29,676 [Worker-82: Download sources and javadoc] INFO  o.e.m.j.internal.DownloadSourcesJob - Downloaded sources for io.netty:netty-codec:4.1.101.Final
2025-10-20 22:22:29,682 [Worker-82: Download sources and javadoc] INFO  o.e.m.j.internal.DownloadSourcesJob - Downloaded sources for io.netty:netty-handler:4.1.101.Final
2025-10-20 22:22:29,690 [Worker-82: Download sources and javadoc] INFO  o.e.m.j.internal.DownloadSourcesJob - Downloaded sources for io.netty:netty-codec-http2:4.1.101.Final
2025-10-20 22:22:29,695 [Worker-82: Download sources and javadoc] INFO  o.e.m.j.internal.DownloadSourcesJob - Downloaded sources for io.netty:netty-resolver-dns:4.1.101.Final
2025-10-20 22:22:29,699 [Worker-82: Download sources and javadoc] INFO  o.e.m.j.internal.DownloadSourcesJob - Downloaded sources for io.netty:netty-resolver:4.1.101.Final
2025-10-20 22:22:29,703 [Worker-82: Download sources and javadoc] INFO  o.e.m.j.internal.DownloadSourcesJob - Downloaded sources for io.netty:netty-codec-dns:4.1.101.Final
2025-10-20 22:22:29,987 [Worker-82: Download sources and javadoc] INFO  o.e.m.c.i.e.AbstractTransferListenerAdapter - Downloaded https://repo.maven.apache.org/maven2/io/netty/netty-resolver-dns-native-macos/4.1.101.Final/netty-resolver-dns-native-macos-4.1.101.Final-javadoc.jar
2025-10-20 22:22:29,989 [Worker-82: Download sources and javadoc] ERROR o.e.m.j.internal.DownloadSourcesJob - Could not download javadoc for io.netty:netty-resolver-dns-native-macos:4.1.101.Final:osx-x86_64
org.eclipse.core.runtime.CoreException: Could not resolve artifact io.netty:netty-resolver-dns-native-macos:jar:javadoc:4.1.101.Final
	at org.eclipse.m2e.core.internal.embedder.MavenImpl.lambda$4(MavenImpl.java:804)
	at org.eclipse.m2e.core.internal.embedder.MavenExecutionContext.executeBare(MavenExecutionContext.java:179)
	at org.eclipse.m2e.core.internal.embedder.MavenExecutionContext.execute(MavenExecutionContext.java:114)
	at org.eclipse.m2e.core.internal.embedder.MavenExecutionContext.execute(MavenExecutionContext.java:101)
	at org.eclipse.m2e.core.internal.embedder.MavenImpl.resolve(MavenImpl.java:772)
	at org.eclipse.m2e.core.internal.embedder.MavenImpl.resolve(MavenImpl.java:749)
	at org.eclipse.m2e.jdt.internal.DownloadSourcesJob.download(DownloadSourcesJob.java:330)
	at org.eclipse.m2e.jdt.internal.DownloadSourcesJob.downloadAttachments(DownloadSourcesJob.java:316)
	at org.eclipse.m2e.jdt.internal.DownloadSourcesJob.downloadMaven(DownloadSourcesJob.java:269)
	at org.eclipse.m2e.jdt.internal.DownloadSourcesJob.downloadFilesAndPopulateToUpdate(DownloadSourcesJob.java:233)
	at org.eclipse.m2e.jdt.internal.DownloadSourcesJob.lambda$0(DownloadSourcesJob.java:161)
	at org.eclipse.m2e.core.internal.embedder.MavenExecutionContext.executeBare(MavenExecutionContext.java:179)
	at org.eclipse.m2e.core.internal.embedder.MavenExecutionContext.execute(MavenExecutionContext.java:153)
	at org.eclipse.m2e.core.internal.embedder.MavenExecutionContext.execute(MavenExecutionContext.java:101)
	at org.eclipse.m2e.core.internal.embedder.MavenImpl.execute(MavenImpl.java:1374)
	at org.eclipse.m2e.jdt.internal.DownloadSourcesJob.run(DownloadSourcesJob.java:161)
	at org.eclipse.core.internal.jobs.Worker.run(Worker.java:63)
2025-10-20 22:22:30,002 [Worker-82: Download sources and javadoc] INFO  o.e.m.j.internal.DownloadSourcesJob - Downloaded sources for io.netty:netty-resolver-dns-classes-macos:4.1.101.Final
2025-10-20 22:22:30,007 [Worker-82: Download sources and javadoc] INFO  o.e.m.j.internal.DownloadSourcesJob - Downloaded sources for io.netty:netty-transport-native-epoll:4.1.101.Final:linux-x86_64
2025-10-20 22:22:30,017 [Worker-82: Download sources and javadoc] INFO  o.e.m.j.internal.DownloadSourcesJob - Downloaded sources for io.netty:netty-transport-native-unix-common:4.1.101.Final
2025-10-20 22:22:30,022 [Worker-82: Download sources and javadoc] INFO  o.e.m.j.internal.DownloadSourcesJob - Downloaded sources for io.netty:netty-transport-classes-epoll:4.1.101.Final
2025-10-20 22:22:30,029 [Worker-82: Download sources and javadoc] INFO  o.e.m.j.internal.DownloadSourcesJob - Downloaded sources for io.projectreactor.netty:reactor-netty-core:1.0.39
2025-10-20 22:22:30,033 [Worker-82: Download sources and javadoc] INFO  o.e.m.j.internal.DownloadSourcesJob - Downloaded sources for io.netty:netty-handler-proxy:4.1.101.Final
2025-10-20 22:22:30,039 [Worker-82: Download sources and javadoc] INFO  o.e.m.j.internal.DownloadSourcesJob - Downloaded sources for io.netty:netty-codec-socks:4.1.101.Final
2025-10-20 22:22:30,045 [Worker-82: Download sources and javadoc] INFO  o.e.m.j.internal.DownloadSourcesJob - Downloaded sources for org.springframework:spring-webflux:5.3.31
2025-10-20 22:22:30,051 [Worker-82: Download sources and javadoc] INFO  o.e.m.j.internal.DownloadSourcesJob - Downloaded sources for io.projectreactor:reactor-core:3.4.34
2025-10-20 22:23:37,633 [Worker-84: Build Project] INFO  o.e.m.c.i.embedder.EclipseLogger - Using 'UTF-8' encoding to copy filtered resources.
2025-10-20 22:23:37,634 [Worker-84: Build Project] INFO  o.e.m.c.i.embedder.EclipseLogger - Using 'UTF-8' encoding to copy filtered properties files.
2025-10-20 22:23:37,636 [Worker-84: Build Project] INFO  o.e.m.c.i.embedder.EclipseLogger - Copying 0 resource
2025-10-20 22:23:37,637 [Worker-84: Build Project] INFO  o.e.m.c.i.embedder.EclipseLogger - Copying 0 resource
2025-10-20 22:23:37,639 [Worker-84: Build Project] INFO  o.e.m.c.i.embedder.EclipseLogger - Using 'UTF-8' encoding to copy filtered resources.
2025-10-20 22:23:37,639 [Worker-84: Build Project] INFO  o.e.m.c.i.embedder.EclipseLogger - Using 'UTF-8' encoding to copy filtered properties files.
2025-10-20 22:23:37,639 [Worker-84: Build Project] INFO  o.e.m.c.i.embedder.EclipseLogger - Copying 0 resource
2025-10-20 22:25:41,714 [Worker-82: Build Project] INFO  o.e.m.c.i.embedder.EclipseLogger - Using 'UTF-8' encoding to copy filtered resources.
2025-10-20 22:25:41,715 [Worker-82: Build Project] INFO  o.e.m.c.i.embedder.EclipseLogger - Using 'UTF-8' encoding to copy filtered properties files.
2025-10-20 22:25:41,718 [Worker-82: Build Project] INFO  o.e.m.c.i.embedder.EclipseLogger - Copying 1 resource
2025-10-20 22:25:41,723 [Worker-82: Build Project] INFO  o.e.m.c.i.embedder.EclipseLogger - Copying 13 resources
2025-10-20 22:25:41,776 [Worker-82: Build Project] INFO  o.e.m.c.i.embedder.EclipseLogger - Using 'UTF-8' encoding to copy filtered resources.
2025-10-20 22:25:41,777 [Worker-82: Build Project] INFO  o.e.m.c.i.embedder.EclipseLogger - Using 'UTF-8' encoding to copy filtered properties files.
2025-10-20 22:25:41,777 [Worker-82: Build Project] INFO  o.e.m.c.i.embedder.EclipseLogger - Copying 0 resource
2025-10-21 22:46:17,160 [Worker-31: Cleaning all projects] INFO  o.e.m.w.i.f.ResourceFilteringBuildParticipant - Cleaning filtered folder for BarajasClub
2025-10-21 22:46:19,403 [Worker-118: Building Workspace] INFO  o.e.m.c.i.embedder.EclipseLogger - Using 'UTF-8' encoding to copy filtered resources.
2025-10-21 22:46:19,403 [Worker-118: Building Workspace] INFO  o.e.m.c.i.embedder.EclipseLogger - Using 'UTF-8' encoding to copy filtered properties files.
2025-10-21 22:46:19,404 [Worker-118: Building Workspace] INFO  o.e.m.c.i.embedder.EclipseLogger - Copying 1 resource
2025-10-21 22:46:19,409 [Worker-118: Building Workspace] INFO  o.e.m.c.i.embedder.EclipseLogger - Copying 13 resources
2025-10-21 22:46:19,466 [Worker-118: Building Workspace] INFO  o.e.m.c.i.embedder.EclipseLogger - Using 'UTF-8' encoding to copy filtered resources.
2025-10-21 22:46:19,466 [Worker-118: Building Workspace] INFO  o.e.m.c.i.embedder.EclipseLogger - Using 'UTF-8' encoding to copy filtered properties files.
2025-10-21 22:46:19,467 [Worker-118: Building Workspace] INFO  o.e.m.c.i.embedder.EclipseLogger - Copying 0 resource
2025-10-21 22:46:19,467 [Worker-118: Building Workspace] INFO  o.e.m.w.i.f.ResourceFilteringBuildParticipant - Changed resources require a complete clean of filtered resources of BarajasClub
2025-10-21 22:46:19,468 [Worker-118: Building Workspace] INFO  o.e.m.w.i.f.ResourceFilteringBuildParticipant - Executing resource filtering for BarajasClub
2025-10-21 22:46:19,495 [Worker-118: Building Workspace] INFO  o.e.m.c.i.embedder.EclipseLogger - Using 'UTF-8' encoding to copy filtered resources.
2025-10-21 22:46:19,496 [Worker-118: Building Workspace] INFO  o.e.m.c.i.embedder.EclipseLogger - Using 'UTF-8' encoding to copy filtered properties files.
2025-10-21 22:48:00,146 [Worker-119: Launching BarajasClub (1)] INFO  o.e.m.c.i.embedder.EclipseLogger - Using 'UTF-8' encoding to copy filtered resources.
2025-10-21 22:48:00,146 [Worker-119: Launching BarajasClub (1)] INFO  o.e.m.c.i.embedder.EclipseLogger - Using 'UTF-8' encoding to copy filtered properties files.
2025-10-21 22:48:00,149 [Worker-119: Launching BarajasClub (1)] INFO  o.e.m.c.i.embedder.EclipseLogger - Copying 1 resource
2025-10-21 22:48:00,476 [Worker-119: Launching BarajasClub (1)] INFO  o.e.m.c.i.embedder.EclipseLogger - Copying 13 resources
2025-10-21 22:48:00,484 [Worker-119: Launching BarajasClub (1)] INFO  o.e.m.c.i.embedder.EclipseLogger - Using 'UTF-8' encoding to copy filtered resources.
2025-10-21 22:48:00,484 [Worker-119: Launching BarajasClub (1)] INFO  o.e.m.c.i.embedder.EclipseLogger - Using 'UTF-8' encoding to copy filtered properties files.
2025-10-21 22:48:00,484 [Worker-119: Launching BarajasClub (1)] INFO  o.e.m.c.i.embedder.EclipseLogger - Copying 0 resource
2025-10-23 23:27:29,887 [main] INFO  o.e.m2e.actions.ExecutePomAction - Creating new launch configuration
2025-10-23 23:27:43,642 [Worker-152: Launching BarajasClub (2)] INFO  o.e.m.i.launch.MavenLaunchDelegate - /Users/ricardomatacrisostomo/Documents/BarajasClub/BarajasClub
2025-10-23 23:27:43,643 [Worker-152: Launching BarajasClub (2)] INFO  o.e.m.i.launch.MavenLaunchDelegate -  mvn -B -Dmaven.test.skip=true -DskipTests clean install
2025-10-23 23:35:45,828 [Worker-147: Build Project] INFO  o.e.m.c.i.l.LifecycleMappingFactory - Using org.maven.ide.eclipse.wtp.WarLifecycleMapping lifecycle mapping for MavenProject: com.mx:barajas-club-springboot-demo:0.0.1-SNAPSHOT @ /Users/ricardomatacrisostomo/Documents/BarajasClub/BarajasClub/pom.xml.
2025-10-23 23:35:49,502 [Worker-147: Build Project] INFO  o.e.m.c.i.embedder.EclipseLogger - Using 'UTF-8' encoding to copy filtered resources.
2025-10-23 23:35:49,503 [Worker-147: Build Project] INFO  o.e.m.c.i.embedder.EclipseLogger - Using 'UTF-8' encoding to copy filtered properties files.
2025-10-23 23:35:49,510 [Worker-147: Build Project] INFO  o.e.m.c.i.embedder.EclipseLogger - Copying 1 resource
2025-10-23 23:35:49,836 [Worker-147: Build Project] INFO  o.e.m.c.i.embedder.EclipseLogger - Copying 13 resources
2025-10-23 23:35:49,853 [Worker-147: Build Project] INFO  o.e.m.c.i.embedder.EclipseLogger - Using 'UTF-8' encoding to copy filtered resources.
2025-10-23 23:35:49,853 [Worker-147: Build Project] INFO  o.e.m.c.i.embedder.EclipseLogger - Using 'UTF-8' encoding to copy filtered properties files.
2025-10-23 23:35:49,854 [Worker-147: Build Project] INFO  o.e.m.c.i.embedder.EclipseLogger - Copying 0 resource
2025-10-23 23:35:49,854 [Worker-147: Build Project] INFO  o.e.m.w.i.f.ResourceFilteringBuildParticipant - Changed resources require a complete clean of filtered resources of BarajasClub
2025-10-23 23:35:49,854 [Worker-147: Build Project] INFO  o.e.m.w.i.f.ResourceFilteringBuildParticipant - Executing resource filtering for BarajasClub
2025-10-23 23:35:49,860 [Worker-147: Build Project] INFO  o.e.m.c.i.embedder.EclipseLogger - Using 'UTF-8' encoding to copy filtered resources.
2025-10-23 23:35:49,860 [Worker-147: Build Project] INFO  o.e.m.c.i.embedder.EclipseLogger - Using 'UTF-8' encoding to copy filtered properties files.
2025-10-23 23:35:51,094 [Worker-157: Download sources and javadoc] INFO  o.e.m.c.i.e.AbstractTransferListenerAdapter - Downloading https://repo.maven.apache.org/maven2/ognl/ognl/3.1.26/ognl-3.1.26-sources.jar
2025-10-23 23:35:51,399 [Worker-157: Download sources and javadoc] INFO  o.e.m.c.i.e.AbstractTransferListenerAdapter - Downloaded https://repo.maven.apache.org/maven2/ognl/ognl/3.1.26/ognl-3.1.26-sources.jar
2025-10-23 23:35:51,569 [Worker-157: Download sources and javadoc] INFO  o.e.m.j.internal.DownloadSourcesJob - Downloaded sources for ognl:ognl:3.1.26
2025-10-23 23:36:20,966 [Worker-160: Updating Maven Project] INFO  o.e.m.c.i.p.ProjectConfigurationManager - Update started
2025-10-23 23:36:21,588 [Worker-160: Updating Maven Project] INFO  o.e.m.c.i.l.LifecycleMappingFactory - Using org.maven.ide.eclipse.wtp.WarLifecycleMapping lifecycle mapping for MavenProject: com.mx:barajas-club-springboot-demo:0.0.1-SNAPSHOT @ /Users/ricardomatacrisostomo/Documents/BarajasClub/BarajasClub/pom.xml.
2025-10-23 23:36:23,280 [Worker-160: Updating Maven Project] INFO  o.e.m.j.i.AbstractJavaProjectConfigurator - Adding source folder /BarajasClub/src/main/java
2025-10-23 23:36:23,280 [Worker-160: Updating Maven Project] INFO  o.e.m.j.i.AbstractJavaProjectConfigurator - Adding resource folder /BarajasClub/src/main/resources
2025-10-23 23:36:23,281 [Worker-160: Updating Maven Project] INFO  o.e.m.j.i.AbstractJavaProjectConfigurator - Adding resource folder /BarajasClub/src/main/resources
2025-10-23 23:36:23,285 [Worker-160: Updating Maven Project] INFO  o.e.m.j.i.AbstractJavaProjectConfigurator - Adding source folder /BarajasClub/src/test/java
2025-10-23 23:36:23,294 [Worker-160: Updating Maven Project] INFO  o.e.m.j.i.AbstractJavaProjectConfigurator - Adding resource folder /BarajasClub/src/test/resources
2025-10-23 23:36:42,870 [Worker-160: Updating Maven Project] INFO  o.e.m.w.i.f.ResourceFilteringBuildParticipant - Cleaning filtered folder for BarajasClub
2025-10-23 23:36:42,876 [Worker-160: Updating Maven Project] INFO  o.e.m.c.i.p.ProjectConfigurationManager - Update completed: 21 sec
2025-10-23 23:36:44,233 [Worker-147: Building Project BarajasClub] INFO  o.e.m.c.i.embedder.EclipseLogger - Using 'UTF-8' encoding to copy filtered resources.
2025-10-23 23:36:44,233 [Worker-147: Building Project BarajasClub] INFO  o.e.m.c.i.embedder.EclipseLogger - Using 'UTF-8' encoding to copy filtered properties files.
2025-10-23 23:36:44,234 [Worker-147: Building Project BarajasClub] INFO  o.e.m.c.i.embedder.EclipseLogger - Copying 1 resource
2025-10-23 23:36:44,259 [Worker-147: Building Project BarajasClub] INFO  o.e.m.c.i.embedder.EclipseLogger - Copying 13 resources
2025-10-23 23:36:44,317 [Worker-147: Building Project BarajasClub] INFO  o.e.m.c.i.embedder.EclipseLogger - Using 'UTF-8' encoding to copy filtered resources.
2025-10-23 23:36:44,317 [Worker-147: Building Project BarajasClub] INFO  o.e.m.c.i.embedder.EclipseLogger - Using 'UTF-8' encoding to copy filtered properties files.
2025-10-23 23:36:44,318 [Worker-147: Building Project BarajasClub] INFO  o.e.m.c.i.embedder.EclipseLogger - Copying 0 resource
2025-10-23 23:36:44,318 [Worker-147: Building Project BarajasClub] INFO  o.e.m.w.i.f.ResourceFilteringBuildParticipant - Changed resources require a complete clean of filtered resources of BarajasClub
2025-10-23 23:36:44,318 [Worker-147: Building Project BarajasClub] INFO  o.e.m.w.i.f.ResourceFilteringBuildParticipant - Executing resource filtering for BarajasClub
2025-10-23 23:36:44,326 [Worker-147: Building Project BarajasClub] INFO  o.e.m.c.i.embedder.EclipseLogger - Using 'UTF-8' encoding to copy filtered resources.
2025-10-23 23:36:44,326 [Worker-147: Building Project BarajasClub] INFO  o.e.m.c.i.embedder.EclipseLogger - Using 'UTF-8' encoding to copy filtered properties files.
2025-10-23 23:41:47,482 [Worker-158: Launching BarajasClub (2)] INFO  o.e.m.i.launch.MavenLaunchDelegate - /Users/ricardomatacrisostomo/Documents/BarajasClub/BarajasClub
2025-10-23 23:41:47,484 [Worker-158: Launching BarajasClub (2)] INFO  o.e.m.i.launch.MavenLaunchDelegate -  mvn -B -Dmaven.test.skip=true -DskipTests clean install
